ID,Title,Topic,Difficulty,Source,Last Updated,Problem Description,Examples,Approaches Count,Code Solutions,Full Content,Is Processed
1,Two Sum - Pair with given Sum,Array,Unknown,GeeksforGeeks,"26 Jul, 2025","Given an arrayarr[]of n integers and atargetvalue, check if there exists a pair whose sum equals the target. This is a variation of the2-Sum problem.","Input: arr[] = [0, -1, 2, -3, 1], target = -2Output: trueExplanation: There is a pair (1, -3) with the sum equal to given target, 1 + (-3) = -2.Input: arr[] = [1, -2, 1, 0, 5], target = 0Output: falseExplanation: There is no pair with sum equals to given target.",46,"#include<iostream>#include<vector>usingnamespacestd;booltwoSum(vector<int>&arr,inttarget){intn=arr.size();for(inti=0;i<n;i++){// For each element arr[i], check every// other element arr[j] that comes ","Given an arrayarr[]of n integers and atargetvalue, check if there exists a pair whose sum equals the target. This is a variation of the2-Sum problem.  Input: arr[] = [0, -1, 2, -3, 1], target = -2Output: trueExplanation: There is a pair (1, -3) with the sum equal to given target, 1 + (-3) = -2.Input: arr[] = [1, -2, 1, 0, 5], target = 0Output: falseExplanation: There is no pair with sum equals to given target.  Input: arr[] = [0, -1, 2, -3, 1], target = -2Output: trueExplanation: There is a pair (1, -3) with the sum equal to given target, 1 + (-3) = -2.  Input: arr[] = [1, -2, 1, 0, 5], target = 0Output: falseExplanation: There is no pair with sum equals to given target.  Table of Content  [Naive Approach] Generating all Possible Pairs - O(n^2) time and O(1) space  [Better Approach 1] Sorting and Binary Search - O(n × log(n)) time and O(1) space  [Better Approach 2] Sorting and Two-Pointer Technique - O(n × log(n)) time and O(1) space  [Expected Approach] Using Hash Set - O(n) time and",False
2,Product of Array Except Self,Array,Unknown,GeeksforGeeks,"23 Jul, 2025","Given an array arr[] of n integers, construct aproduct arrayres[] (of the same size) such that res[i] is equal to the product of all the elements of arr[] except arr[i].","Input: arr[] = [10, 3, 5, 6, 2]Output: [180, 600, 360, 300, 900]Explanation:For i=0, res[i] = 3 * 5 * 6 * 2 is 180.For i = 1, res[i] = 10 * 5 * 6 * 2 is 600.For i = 2, res[i] = 10 * 3 * 6 * 2 is 360.For i = 3, res[i] = 10 * 3 * 5 * 2 is 300.For i = 4, res[i] = 10 * 3 * 5 * 6 is 900.Input: arr[] = [12, 0]Output: [0, 12]Explanation:For i = 0, res[i] = 0.For i = 1, res[i] = 12.",32,#include<iostream>#include<vector>usingnamespacestd;// Function to calculate the product of all// elements except the current elementvector<int>productExceptSelf(vector<int>&arr){intn=arr.size();// Fi,"Given an array arr[] of n integers, construct aproduct arrayres[] (of the same size) such that res[i] is equal to the product of all the elements of arr[] except arr[i].  Input: arr[] = [10, 3, 5, 6, 2]Output: [180, 600, 360, 300, 900]Explanation:For i=0, res[i] = 3 * 5 * 6 * 2 is 180.For i = 1, res[i] = 10 * 5 * 6 * 2 is 600.For i = 2, res[i] = 10 * 3 * 6 * 2 is 360.For i = 3, res[i] = 10 * 3 * 5 * 2 is 300.For i = 4, res[i] = 10 * 3 * 5 * 6 is 900.Input: arr[] = [12, 0]Output: [0, 12]Explanation:For i = 0, res[i] = 0.For i = 1, res[i] = 12.  Input: arr[] = [10, 3, 5, 6, 2]Output: [180, 600, 360, 300, 900]Explanation:  For i=0, res[i] = 3 * 5 * 6 * 2 is 180.  For i = 1, res[i] = 10 * 5 * 6 * 2 is 600.  For i = 2, res[i] = 10 * 3 * 6 * 2 is 360.  For i = 3, res[i] = 10 * 3 * 5 * 2 is 300.  For i = 4, res[i] = 10 * 3 * 5 * 6 is 900.  Input: arr[] = [12, 0]Output: [0, 12]Explanation:  For i = 0, res[i] = 0.  For i = 1, res[i] = 12.  Table of Content  [Naive Approach] Using Nested Loops -",False
3,Maximum Subarray Sum  - Kadane's Algorithm,Array,Unknown,GeeksforGeeks,"22 Jul, 2025","Given an integer arrayarr[], find thesubarray(containing at least one element) which has themaximum possible sum, and return that sum.Note:Asubarrayis a continuous part of an array.","Input:arr[] = [2, 3, -8, 7, -1, 2, 3]Output:11Explanation:The subarray [7, -1, 2, 3] has the largest sum 11.Input:arr[] = [-2, -4]Output:-2Explanation:The subarray [-2] has the largest sum -2.Input:arr[] = [5, 4, 1, 7, 8]Output:25Explanation:The subarray [5, 4, 1, 7, 8] has the largest sum 25.",24,#include<iostream>#include<vector>#include<algorithm>usingnamespacestd;intmaxSubarraySum(vector<int>&arr){intres=arr[0];// Outer loop for starting point of subarrayfor(inti=0;i<arr.size();i++){intcurr,"Given an integer arrayarr[], find thesubarray(containing at least one element) which has themaximum possible sum, and return that sum.Note:Asubarrayis a continuous part of an array.  Input:arr[] = [2, 3, -8, 7, -1, 2, 3]Output:11Explanation:The subarray [7, -1, 2, 3] has the largest sum 11.Input:arr[] = [-2, -4]Output:-2Explanation:The subarray [-2] has the largest sum -2.Input:arr[] = [5, 4, 1, 7, 8]Output:25Explanation:The subarray [5, 4, 1, 7, 8] has the largest sum 25.  Input:arr[] = [2, 3, -8, 7, -1, 2, 3]Output:11Explanation:The subarray [7, -1, 2, 3] has the largest sum 11.  Input:arr[] = [-2, -4]Output:-2Explanation:The subarray [-2] has the largest sum -2.  Input:arr[] = [5, 4, 1, 7, 8]Output:25Explanation:The subarray [5, 4, 1, 7, 8] has the largest sum 25.  Table of Content  [Naive Approach] By iterating over all subarrays - O(n^2) Time and O(1) Space  [Expected Approach] Using Kadane's Algorithm - O(n) Time and O(1) Space  [Naive Approach] By iterating over all subarrays - ",False
4,Container with Most Water,Array,Unknown,GeeksforGeeks,"12 Aug, 2025","Given an arrayarr[]ofnon-negativeintegers, where each elementarr[i]represents the height of the vertical lines, find themaximum amount of waterthat can be contained between any two lines, together with the x-axis.","Input:arr[] = [1, 5, 4, 3]Output:6Explanation:5 and 3 are 2 distance apart. So the size of the base = 2. Height of container = min(5, 3) = 3. So total area = 3 * 2 = 6.Input:arr[] = [3, 1, 2, 4, 5]Output:12Explanation:5 and 3 are 4 distance apart. So the size of the base = 4. Height of container = min(5, 3) = 3. So total area = 4 * 3 = 12.Input:arr[] = [2, 1, 8, 6, 4, 6, 5, 5]Output:25Explanation:8 and 5 are 5 distance apart. So the size of the base = 5. Height of container = min(8, 5) = 5. So, ",22,#include<vector>#include<iostream>usingnamespacestd;intmaxWater(vector<int>&arr){intn=arr.size();intres=0;for(inti=0;i<n;i++){for(intj=i+1;j<n;j++){// calculate the amount of waterintamount=min(arr[i],"Given an arrayarr[]ofnon-negativeintegers, where each elementarr[i]represents the height of the vertical lines, find themaximum amount of waterthat can be contained between any two lines, together with the x-axis.  Input:arr[] = [1, 5, 4, 3]Output:6Explanation:5 and 3 are 2 distance apart. So the size of the base = 2. Height of container = min(5, 3) = 3. So total area = 3 * 2 = 6.Input:arr[] = [3, 1, 2, 4, 5]Output:12Explanation:5 and 3 are 4 distance apart. So the size of the base = 4. Height of container = min(5, 3) = 3. So total area = 4 * 3 = 12.Input:arr[] = [2, 1, 8, 6, 4, 6, 5, 5]Output:25Explanation:8 and 5 are 5 distance apart. So the size of the base = 5. Height of container = min(8, 5) = 5. So, total area = 5 * 5 = 25.  Input:arr[] = [1, 5, 4, 3]Output:6Explanation:5 and 3 are 2 distance apart. So the size of the base = 2. Height of container = min(5, 3) = 3. So total area = 3 * 2 = 6.  Input:arr[] = [3, 1, 2, 4, 5]Output:12Explanation:5 and 3 are 4 distance apart. So the si",False
5,Find the Factorial of a large number,Array,Unknown,GeeksforGeeks,"23 Jul, 2025","Factorial of a non-negative integer, is the multiplication of all integers smaller than or equal to n.",Input:100Output:933262154439441526816992388562667004-907159682643816214685929638952175999-932299156089414639761565182862536979-208272237582511852109168640000000000-00000000000000Input:50Output:3041409320171337804361260816606476884-4377641568960512000000000000,34,"// C++ program to compute factorial of big numbers#include<iostream>usingnamespacestd;// Maximum number of digits in output#define MAX 500intmultiply(intx,intres[],intres_size);// This function finds ","Factorial of a non-negative integer, is the multiplication of all integers smaller than or equal to n.  Input:100Output:933262154439441526816992388562667004-907159682643816214685929638952175999-932299156089414639761565182862536979-208272237582511852109168640000000000-00000000000000Input:50Output:3041409320171337804361260816606476884-4377641568960512000000000000  Input:100Output:933262154439441526816992388562667004-907159682643816214685929638952175999-932299156089414639761565182862536979-208272237582511852109168640000000000-00000000000000  Input:50Output:3041409320171337804361260816606476884-4377641568960512000000000000  We have discussed asimple program for factorial.  Why conventional way of computing factorial fails for large numbers?  Afactorialof 100 has 158 digits. It is not possible to store these many digits even if we use long int.  The idea is to use basic mathematics for multiplication.  Illustration:  Example to show working ofmultiply(res[], x)A number 5189 is stored in res",False
6,Trapping Rain Water Problem,Array,Unknown,GeeksforGeeks,"03 Oct, 2025","Given an array arr[] of size n consisting of non-negative integers, where each element represents the height of a bar in an elevation map and the width of each bar is 1, determine the total amount of water that can be trapped between the bars after it rains.","Input:arr[] = [3, 0, 1, 0, 4, 0, 2]Output:10Explanation:The expected rainwater to be trapped is shown in the above image.Input:arr[] = [3, 0, 2, 0, 4]Output:7Explanation:We trap 0 + 3 + 1 + 3 + 0 = 7 units.Input:arr[] = [1, 2, 3, 4]Output:0Explanation: We cannot trap water as there is no height bound on both sides",48,#include<iostream>#include<vector>usingnamespacestd;intmaxWater(vector<int>&arr){intres=0;// For every element of the arrayfor(inti=1;i<arr.size()-1;i++){// Find the maximum element on its leftintleft,"Given an array arr[] of size n consisting of non-negative integers, where each element represents the height of a bar in an elevation map and the width of each bar is 1, determine the total amount of water that can be trapped between the bars after it rains.  Input:arr[] = [3, 0, 1, 0, 4, 0, 2]Output:10Explanation:The expected rainwater to be trapped is shown in the above image.Input:arr[] = [3, 0, 2, 0, 4]Output:7Explanation:We trap 0 + 3 + 1 + 3 + 0 = 7 units.Input:arr[] = [1, 2, 3, 4]Output:0Explanation: We cannot trap water as there is no height bound on both sides  Input:arr[] = [3, 0, 1, 0, 4, 0, 2]Output:10Explanation:The expected rainwater to be trapped is shown in the above image.  Input:arr[] = [3, 0, 2, 0, 4]Output:7Explanation:We trap 0 + 3 + 1 + 3 + 0 = 7 units.  Input:arr[] = [1, 2, 3, 4]Output:0Explanation: We cannot trap water as there is no height bound on both sides  Table of Content  [Naive Approach] Brute Force - O(n^2) Time and O(1) Space  [Better Approach] Prefix ",False
7,Merge Overlapping Intervals,Array,Unknown,GeeksforGeeks,"13 Aug, 2025","Given an array of time intervals wherearr[i] = [starti, endi], our task is to merge all the overlapping intervals into one and output the result which should have only mutually exclusive intervals.","Input:arr[] = [[1, 3], [2, 4], [6, 8], [9, 10]]Output:[[1, 4], [6, 8], [9, 10]]Explanation:In the given intervals, we have only two overlapping intervals [1, 3] and [2, 4]. Therefore, we will merge these two and return [[1, 4]], [6, 8], [9, 10]].Input:arr[] = [[7, 8], [1, 5], [2, 4], [4, 6]]Output:[[1, 6], [7, 8]]Explanation:We will merge the overlapping intervals [[1, 5], [2, 4], [4, 6]] into a single interval [1, 6].",20,"#include<bits/stdc++.h>usingnamespacestd;vector<vector<int>>mergeOverlap(vector<vector<int>>&arr){intn=arr.size();sort(arr.begin(),arr.end());vector<vector<int>>res;// Checking for all possible overla","Given an array of time intervals wherearr[i] = [starti, endi], our task is to merge all the overlapping intervals into one and output the result which should have only mutually exclusive intervals.  Input:arr[] = [[1, 3], [2, 4], [6, 8], [9, 10]]Output:[[1, 4], [6, 8], [9, 10]]Explanation:In the given intervals, we have only two overlapping intervals [1, 3] and [2, 4]. Therefore, we will merge these two and return [[1, 4]], [6, 8], [9, 10]].Input:arr[] = [[7, 8], [1, 5], [2, 4], [4, 6]]Output:[[1, 6], [7, 8]]Explanation:We will merge the overlapping intervals [[1, 5], [2, 4], [4, 6]] into a single interval [1, 6].  Input:arr[] = [[1, 3], [2, 4], [6, 8], [9, 10]]Output:[[1, 4], [6, 8], [9, 10]]Explanation:In the given intervals, we have only two overlapping intervals [1, 3] and [2, 4]. Therefore, we will merge these two and return [[1, 4]], [6, 8], [9, 10]].  Input:arr[] = [[7, 8], [1, 5], [2, 4], [4, 6]]Output:[[1, 6], [7, 8]]Explanation:We will merge the overlapping intervals [[1, 5],",False
8,Print a given matrix in spiral form,Matrix,Unknown,GeeksforGeeks,"17 Jul, 2025","Given a matrixmat[][] ofsizem x n, the task is to print all elements of the matrix in spiral form.","Input:mat[][] = [[1,   2,   3,   4],[5,    6,   7,   8],[9,   10,  11,  12],[13,  14,  15,  16]]Output:[1, 2, 3, 4, 8, 12, 16, 15, 14, 13, 9, 5, 6, 7, 11, 10]Explanation:Input:mat[][]= [[1,   2,   3,   4,  5,   6],[7,   8,   9,  10,  11,  12],[13,  14,  15, 16,  17,  18]]Output:[1, 2, 3, 4, 5, 6, 12, 18, 17, 16, 15, 14, 13, 7, 8, 9, 10, 11]",22,"#include<iostream>#include<vector>usingnamespacestd;vector<int>spirallyTraverse(vector<vector<int>>&mat){intm=mat.size();intn=mat[0].size();vector<int>res;vector<vector<bool>>vis(m,vector<bool>(n,fals","Given a matrixmat[][] ofsizem x n, the task is to print all elements of the matrix in spiral form.  Input:mat[][] = [[1,   2,   3,   4],[5,    6,   7,   8],[9,   10,  11,  12],[13,  14,  15,  16]]Output:[1, 2, 3, 4, 8, 12, 16, 15, 14, 13, 9, 5, 6, 7, 11, 10]Explanation:Input:mat[][]= [[1,   2,   3,   4,  5,   6],[7,   8,   9,  10,  11,  12],[13,  14,  15, 16,  17,  18]]Output:[1, 2, 3, 4, 5, 6, 12, 18, 17, 16, 15, 14, 13, 7, 8, 9, 10, 11]  Input:mat[][] = [[1,   2,   3,   4],[5,    6,   7,   8],[9,   10,  11,  12],[13,  14,  15,  16]]Output:[1, 2, 3, 4, 8, 12, 16, 15, 14, 13, 9, 5, 6, 7, 11, 10]Explanation:  Input:mat[][]= [[1,   2,   3,   4,  5,   6],[7,   8,   9,  10,  11,  12],[13,  14,  15, 16,  17,  18]]  Output:[1, 2, 3, 4, 5, 6, 12, 18, 17, 16, 15, 14, 13, 7, 8, 9, 10, 11]  Table of Content  [Approach] Using Simulation by Visited Matrix - O(m*n) Time and O(m*n) Space  [Expected Approach] Using Boundary Traversal - O(m*n) Time and O(1) Space  [Approach] Using Simulation by Visite",False
9,Program to find transpose of a matrix,Matrix,Unknown,GeeksforGeeks,"13 Aug, 2025","Given a 2D matrixmat[][], compute itstranspose. Thetransposeof a matrix is formed by converting all rows of mat[][] into columns and all columns into rows.","Input:mat[][] = [[1, 1, 1, 1],[2, 2, 2, 2],[3, 3, 3, 3],[4, 4, 4, 4]]Output:[[1, 2, 3 ,4],[1, 2, 3, 4],[1, 2, 3, 4],[1, 2, 3, 4]]Explanation:The output is the transpose of the input matrix, where each row becomes a column. This rearranges the data so that vertical patterns in the original matrix become horizontal in the result.Input:mat[][] = [[1, 2],[9, -2]]Output:[[1, 9],[2, -2]]Explanation:The output is the transpose of the input matrix, where each row becomes a column. This rearranges the da",22,#include<iostream>#include<vector>usingnamespacestd;vector<vector<int>>transpose(vector<vector<int>>&mat){introws=mat.size();intcols=mat[0].size();// Create a result matrix of size// cols x rows for t,"Given a 2D matrixmat[][], compute itstranspose. Thetransposeof a matrix is formed by converting all rows of mat[][] into columns and all columns into rows.  Input:mat[][] = [[1, 1, 1, 1],[2, 2, 2, 2],[3, 3, 3, 3],[4, 4, 4, 4]]Output:[[1, 2, 3 ,4],[1, 2, 3, 4],[1, 2, 3, 4],[1, 2, 3, 4]]Explanation:The output is the transpose of the input matrix, where each row becomes a column. This rearranges the data so that vertical patterns in the original matrix become horizontal in the result.Input:mat[][] = [[1, 2],[9, -2]]Output:[[1, 9],[2, -2]]Explanation:The output is the transpose of the input matrix, where each row becomes a column. This rearranges the data so that vertical patterns in the original matrix become horizontal in the result.  Input:mat[][] = [[1, 1, 1, 1],[2, 2, 2, 2],[3, 3, 3, 3],[4, 4, 4, 4]]Output:[[1, 2, 3 ,4],[1, 2, 3, 4],[1, 2, 3, 4],[1, 2, 3, 4]]Explanation:The output is the transpose of the input matrix, where each row becomes a column. This rearranges the data so that v",False
10,Word Search in a 2D Grid of characters,Matrix,Unknown,GeeksforGeeks,"30 Sep, 2024","Given a2D grid m*nof characters and aword, the task is to findall occurrencesof the given word in the grid. A word can be matched in all8 directionsat any point. Word is said to be found in a direction if all characters match in this direction(not in zig-zag form).The 8 directions are, Horizontally Left, Horizontally Right, Vertically Up, Vertically Down and 4 Diagonal directions.","Input:grid = {{G,E,E,K,S,F,O,R,G,E,E,K,S}, {G,E,E,K,S,Q,U,I,Z,G,E,E,K}, {I,D,E,Q,A,P,R,A,C,T,I,C,E}}word = ""GEEKS""Output:{{0,0}, {0,8}, {1,0}}Input:grid = {{a,b,a,b},{a,b,e,b},{e,b,e,b}}word = ""abe""Output:{{0,0},{0,2},{1,0}}",20,"// C++ program to search a word in a 2D grid#include<bits/stdc++.h>usingnamespacestd;// This function checks if the given// coordinate is validboolvalidCoord(intx,inty,intm,intn){if(x>=0&&x<m&&y>=0&&y","Given a2D grid m*nof characters and aword, the task is to findall occurrencesof the given word in the grid. A word can be matched in all8 directionsat any point. Word is said to be found in a direction if all characters match in this direction(not in zig-zag form).The 8 directions are, Horizontally Left, Horizontally Right, Vertically Up, Vertically Down and 4 Diagonal directions.  Note:The returning list should belexicographically smallest. If the word can be found in multiple directions starting from the same coordinates, the list should contain the coordinates only once.  Input:grid = {{G,E,E,K,S,F,O,R,G,E,E,K,S}, {G,E,E,K,S,Q,U,I,Z,G,E,E,K}, {I,D,E,Q,A,P,R,A,C,T,I,C,E}}word = ""GEEKS""Output:{{0,0}, {0,8}, {1,0}}Input:grid = {{a,b,a,b},{a,b,e,b},{e,b,e,b}}word = ""abe""Output:{{0,0},{0,2},{1,0}}  Input:grid = {{G,E,E,K,S,F,O,R,G,E,E,K,S}, {G,E,E,K,S,Q,U,I,Z,G,E,E,K}, {I,D,E,Q,A,P,R,A,C,T,I,C,E}}word = ""GEEKS""Output:{{0,0}, {0,8}, {1,0}}  Input:grid = {{a,b,a,b},{a,b,e,b},{e,b,e,b}}word",False
11,Longest Substring Without Repeating Characters,String,Unknown,GeeksforGeeks,"04 Aug, 2025","Given a stringshavinglowercasecharacters, find the length of the longest substring without repeating characters.","Input: s = ""geeksforgeeks""Output: 7Explanation: The longest substrings without repeating characters are ""eksforg” and ""ksforge"", with lengths of 7.Input: s = ""aaa""Output: 1Explanation: The longest substring without repeating characters is ""a""Input:s = ""abcdefabcbb""Output:6Explanation:The longest substring without repeating characters is ""abcdef"".",30,"#include<iostream>#include<vector>usingnamespacestd;intlongestUniqueSubstr(string&s){intn=s.size();intres=0;for(inti=0;i<n;i++){// Initializing all characters as not visitedvector<bool>vis(26,false);f","Given a stringshavinglowercasecharacters, find the length of the longest substring without repeating characters.  Input: s = ""geeksforgeeks""Output: 7Explanation: The longest substrings without repeating characters are ""eksforg” and ""ksforge"", with lengths of 7.Input: s = ""aaa""Output: 1Explanation: The longest substring without repeating characters is ""a""Input:s = ""abcdefabcbb""Output:6Explanation:The longest substring without repeating characters is ""abcdef"".  Input: s = ""geeksforgeeks""Output: 7Explanation: The longest substrings without repeating characters are ""eksforg” and ""ksforge"", with lengths of 7.  Input: s = ""aaa""Output: 1Explanation: The longest substring without repeating characters is ""a""  Input:s = ""abcdefabcbb""Output:6Explanation:The longest substring without repeating characters is ""abcdef"".  Table of Content  [Naive Approach] Substrings Starting From Every Index - O(26*n) Time and O(1) Space  [Expected Approach 1] Using Sliding Window - O(n) Time and O(1) Space  [Expecte",False
12,Maximum consecutive repeating character in string,String,Unknown,GeeksforGeeks,"18 Feb, 2025","Given a strings, the task is to find themaximum consecutive repeating characterin the string.","Input: s = ""geeekk""Output: eExplanation:character e comes 3 times consecutively which is maximum.Input: s = ""aaaabbcbbb""Output: aExplanation:character a comes 4 times consecutively which is maximum.",30,// C++ program to find the maximum consecutive// repeating character in given string#include<iostream>usingnamespacestd;// function to find out the maximum repeating// character in given stringcharmax,"Given a strings, the task is to find themaximum consecutive repeating characterin the string.  Note:We do not need to consider the overall count, but the count of repeating that appears in one place.  Input: s = ""geeekk""Output: eExplanation:character e comes 3 times consecutively which is maximum.Input: s = ""aaaabbcbbb""Output: aExplanation:character a comes 4 times consecutively which is maximum.  Input: s = ""geeekk""Output: eExplanation:character e comes 3 times consecutively which is maximum.  Input: s = ""aaaabbcbbb""Output: aExplanation:character a comes 4 times consecutively which is maximum.  Table of Content  [Naive Approach] Using Nested Loop  [Expected Approach 1] Optimised Nested Loops  [Expected Approach 2] Using Counter Variable  [Naive Approach] Using Nested Loop  The idea is to use a nested loop approach where the outer loop iterates through each character of the string, and for each character, the inner loop counts the consecutive occurrences of that character by moving for",False
13,Smallest window in a String containing all characters of other String,String,Unknown,GeeksforGeeks,"06 Aug, 2025","Given two stringssandp, the task is to find the smallest substring insthat contains all characters ofp, including duplicates. If no such substring exists, return """". If multiple substrings of the same length are found, return the one with the smallest starting index.","Input:s = ""timetopractice"", p = ""toc""Output:topracExplanation:""toprac"" is the smallest substring in which ""toc"" can be found.Input:s = ""zoomlazapzo"", p = ""oza""Output:apzoExplanation:""apzo"" is the smallest substring in which ""oza"" can be found.",30,"#include<climits>#include<iostream>#include<string>usingnamespacestd;boolhasAllChars(string&sub,string&p){intcount[256]={0};// Count the frequency of each// character in the patternfor(charch:p)count[","Given two stringssandp, the task is to find the smallest substring insthat contains all characters ofp, including duplicates. If no such substring exists, return """". If multiple substrings of the same length are found, return the one with the smallest starting index.  Input:s = ""timetopractice"", p = ""toc""Output:topracExplanation:""toprac"" is the smallest substring in which ""toc"" can be found.Input:s = ""zoomlazapzo"", p = ""oza""Output:apzoExplanation:""apzo"" is the smallest substring in which ""oza"" can be found.  Input:s = ""timetopractice"", p = ""toc""Output:topracExplanation:""toprac"" is the smallest substring in which ""toc"" can be found.  Input:s = ""zoomlazapzo"", p = ""oza""Output:apzoExplanation:""apzo"" is the smallest substring in which ""oza"" can be found.  Table of Content  [Naive Approach] By Generating all the Substrings - O(n^3) time and O(n) space:  [Better Approach] By using Binary Search on Answer - O(n*log(n)) Time and O(1) Space:  [Expected Approach] Using Window Sliding - O(n) Time ",False
14,Group Anagrams Together,String,Unknown,GeeksforGeeks,"23 Jul, 2025","Given an array of wordsarr[], the task is to groups strings that areanagrams. Ananagramis a word or phrase formed by rearranging the letters of another, using all the original letters exactly once.","Input:arr[] = [""act"", ""god"", ""cat"", ""dog"", ""tac""]Output:[[""act"", ""cat"", ""tac""], [""god"", ""dog""]]Explanation:There are 2 groups of anagrams ""god"", ""dog"" make group 1. ""act"", ""cat"", ""tac"" make group 2.Input: arr[] = [""listen"", ""silent"", ""enlist"", ""abc"", ""cab"", ""bac"", ""rat"", ""tar"", ""art""]Output: [[""abc"", ""cab"", ""bac""], [""listen"", ""silent"", ""enlist""],[""rat"", ""tar"", ""art""]]Explanation:Group 1: ""abc"", ""bac"" and ""cab"" are anagrams.Group 2: ""listen"", ""silent"" and ""enlist"" are anagrams.Group 3: ""rat"", ""ta",10,// C++ Code to group anagrams together by using frequency// as keys#include<bits/stdc++.h>usingnamespacestd;constintMAX_CHAR=26;// function to generate hash of word sstringgetHash(string&s){stringhash,"Given an array of wordsarr[], the task is to groups strings that areanagrams. Ananagramis a word or phrase formed by rearranging the letters of another, using all the original letters exactly once.  Input:arr[] = [""act"", ""god"", ""cat"", ""dog"", ""tac""]Output:[[""act"", ""cat"", ""tac""], [""god"", ""dog""]]Explanation:There are 2 groups of anagrams ""god"", ""dog"" make group 1. ""act"", ""cat"", ""tac"" make group 2.Input: arr[] = [""listen"", ""silent"", ""enlist"", ""abc"", ""cab"", ""bac"", ""rat"", ""tar"", ""art""]Output: [[""abc"", ""cab"", ""bac""], [""listen"", ""silent"", ""enlist""],[""rat"", ""tar"", ""art""]]Explanation:Group 1: ""abc"", ""bac"" and ""cab"" are anagrams.Group 2: ""listen"", ""silent"" and ""enlist"" are anagrams.Group 3: ""rat"", ""tar"" and ""art"" are anagrams.  Input:arr[] = [""act"", ""god"", ""cat"", ""dog"", ""tac""]Output:[[""act"", ""cat"", ""tac""], [""god"", ""dog""]]Explanation:There are 2 groups of anagrams ""god"", ""dog"" make group 1. ""act"", ""cat"", ""tac"" make group 2.  Input: arr[] = [""listen"", ""silent"", ""enlist"", ""abc"", ""cab"", ""bac"", ""rat"",",False
15,Sentence Palindrome,String,Unknown,GeeksforGeeks,"14 Jul, 2025","Given a sentences, determine whether it is apalindrome sentenceor not. A palindrome sentence is a sequence of characters that reads the same forward and backward after:","Input:s = ""Too hot to hoot.""Output:trueExplanation: If we remove all non-alphanumeric characters and convert all uppercase letters to lowercase, string s will become ""toohottohoot"" which is a palindrome.Input:s = ""Abc 012..##  10cbA""Output: trueExplanation:If we remove all non-alphanumeric characters and convert all uppercase letters to lowercase, string s will become ""abc01210cba"" which is a palindrome.Input:s = ""ABC $. def01ASDF..""Output:falseExplanation:If we remove all non-alphanumeric chara",22,"#include<algorithm>#include<iostream>usingnamespacestd;boolisPalinSent(string&s){// create a new string having only// alphanumeric charactersstrings1="""";for(charch:s){if(isalnum(ch)){s1.push_back(tolo","Given a sentences, determine whether it is apalindrome sentenceor not. A palindrome sentence is a sequence of characters that reads the same forward and backward after:  Converting all uppercase letters to lowercase.  Removing all non-alphanumeric characters (i.e., ignore spaces, punctuation, and symbols).  Input:s = ""Too hot to hoot.""Output:trueExplanation: If we remove all non-alphanumeric characters and convert all uppercase letters to lowercase, string s will become ""toohottohoot"" which is a palindrome.Input:s = ""Abc 012..##  10cbA""Output: trueExplanation:If we remove all non-alphanumeric characters and convert all uppercase letters to lowercase, string s will become ""abc01210cba"" which is a palindrome.Input:s = ""ABC $. def01ASDF..""Output:falseExplanation:If we remove all non-alphanumeric characters and convert all uppercase letters to lowercase, string s will become ""abcdef01asdf"" which is not a palindrome.  Input:s = ""Too hot to hoot.""Output:trueExplanation: If we remove all non-",False
16,Longest Palindromic Substring,String,Unknown,GeeksforGeeks,"03 Oct, 2025","Given a strings, find the longest substring which is a palindrome. If there are multiple answers, then find the first appearing substring.","Input:s = ""forgeeksskeegfor""Output:""geeksskeeg""Explanation:The longest substring that reads the same forward and backward is ""geeksskeeg"". Other palindromes like ""kssk"" or ""eeksskee"" are shorter.Input:s = ""Geeks""Output:""ee""Explanation:The substring ""ee"" is the longest palindromic part in ""Geeks"". All others are shorter single characters.Input:s = ""abc""Output:""a""Explanation:No multi-letter palindromes exist. So the first character ""a"" is returned as the longest palindromic substring.",40,"#include<iostream>usingnamespacestd;// function to check if a substring// s[low..high] is a palindromeboolcheckPal(string&s,intlow,inthigh){while(low<high){if(s[low]!=s[high])returnfalse;low++;high--;","Given a strings, find the longest substring which is a palindrome. If there are multiple answers, then find the first appearing substring.  Input:s = ""forgeeksskeegfor""Output:""geeksskeeg""Explanation:The longest substring that reads the same forward and backward is ""geeksskeeg"". Other palindromes like ""kssk"" or ""eeksskee"" are shorter.Input:s = ""Geeks""Output:""ee""Explanation:The substring ""ee"" is the longest palindromic part in ""Geeks"". All others are shorter single characters.Input:s = ""abc""Output:""a""Explanation:No multi-letter palindromes exist. So the first character ""a"" is returned as the longest palindromic substring.  Input:s = ""forgeeksskeegfor""Output:""geeksskeeg""Explanation:The longest substring that reads the same forward and backward is ""geeksskeeg"". Other palindromes like ""kssk"" or ""eeksskee"" are shorter.  Input:s = ""Geeks""Output:""ee""Explanation:The substring ""ee"" is the longest palindromic part in ""Geeks"". All others are shorter single characters.  Input:s = ""abc""Output:""a""Exp",False
17,Palindrome Substrings Count,String,Unknown,GeeksforGeeks,"29 Aug, 2025","Given a strings, find the total number of palindromic substrings of length greater than or equal to 2 present in the string.A substring is palindromic if it reads the same forwards and backwards.","Input: s = ""abaab""Output: 3Explanation: Palindromic substrings with length greater than 1, are ""aba"", ""aa"", and ""baab"".Input: s = ""aaa""Output: 3Explanation: Palindromic substrings with length greater than 1, are ""aa"" , ""aa"" , ""aaa"" .Input: s = ""abbaeae""Output: 4Explanation: Palindromic substrings with length greater than 1, are ""bb"" , ""abba"" , ""aea"", ""eae"".",30,// C++ program to count all palindromic substring of// given string by generating all possible substrings#include<iostream>#include<string>usingnamespacestd;// Function to check if a substring// s[i..,"Given a strings, find the total number of palindromic substrings of length greater than or equal to 2 present in the string.A substring is palindromic if it reads the same forwards and backwards.  Input: s = ""abaab""Output: 3Explanation: Palindromic substrings with length greater than 1, are ""aba"", ""aa"", and ""baab"".Input: s = ""aaa""Output: 3Explanation: Palindromic substrings with length greater than 1, are ""aa"" , ""aa"" , ""aaa"" .Input: s = ""abbaeae""Output: 4Explanation: Palindromic substrings with length greater than 1, are ""bb"" , ""abba"" , ""aea"", ""eae"".  Input: s = ""abaab""Output: 3Explanation: Palindromic substrings with length greater than 1, are ""aba"", ""aa"", and ""baab"".  Input: s = ""aaa""Output: 3Explanation: Palindromic substrings with length greater than 1, are ""aa"" , ""aa"" , ""aaa"" .  Input: s = ""abbaeae""Output: 4Explanation: Palindromic substrings with length greater than 1, are ""bb"" , ""abba"" , ""aea"", ""eae"".  Table of Content  [Naive Approach] By Generating All Possible Substrings - O(",False
18,Unknown,Searching and Sorting,Unknown,GeeksforGeeks,,Error: Article not found,,0,,,False
19,Unknown,Searching and Sorting,Unknown,GeeksforGeeks,,Error: Article not found,,0,,,False
20,Unknown,Searching and Sorting,Unknown,GeeksforGeeks,,Error: Article not found,,0,,,False
21,Unknown,Searching and Sorting,Unknown,GeeksforGeeks,,Error: Article not found,,0,,,False
22,Unknown,Searching and Sorting,Unknown,GeeksforGeeks,,Error: Article not found,,0,,,False
23,Unknown,Searching and Sorting,Unknown,GeeksforGeeks,,Error: Article not found,,0,,,False
24,Unknown,Searching and Sorting,Unknown,GeeksforGeeks,,Error: Article not found,,0,,,False
25,Unknown,Searching and Sorting,Unknown,GeeksforGeeks,,Error: Article not found,,0,,,False
26,Unknown,Hashing,Unknown,GeeksforGeeks,,Error: Article not found,,0,,,False
27,Unknown,Hashing,Unknown,GeeksforGeeks,,Error: Article not found,,0,,,False
28,Unknown,Hashing,Unknown,GeeksforGeeks,,Error: Article not found,,0,,,False
29,Unknown,Hashing,Unknown,GeeksforGeeks,,Error: Article not found,,0,,,False
30,Reverse a Linked List,Linked List,Unknown,GeeksforGeeks,"30 Aug, 2025","Given theheadof a linked list, reverse the list and return the new head.",Input:Output: 5 -> 4 -> 3 -> 2 -> 1,39,"#include<iostream>usingnamespacestd;classNode{public:intdata;Node*next;Node(intnew_data){data=new_data;next=nullptr;}};Node*reverseList(Node*head){Node*curr=head,*prev=nullptr,*next;// Traverse all th","Given theheadof a linked list, reverse the list and return the new head.  Input:Output: 5 -> 4 -> 3 -> 2 -> 1  Output: 5 -> 4 -> 3 -> 2 -> 1  Table of Content  [Approach] Using Iterative Method  [Alternate Approach 1] Using Recursion Method  [Alternate Approach 2] Using Stack  [Approach] Using Iterative Method - O(n) Time and O(1) Space  The idea is to reverse the linked list by changing the direction of links using three pointers: prev, curr, and next. At each step, point the current node to its previous node and then move all three pointers forward until the list is fully reversed.  The idea is to reverse the linked list by changing the direction of links using three pointers: prev, curr, and next. At each step, point the current node to its previous node and then move all three pointers forward until the list is fully reversed.  Step Step By Implementations:  Initialize three pointers prev as NULL, curr as head, and next as NULL.  Iterate through the linked list. In a loop, do the f",False
31,Detect Cycle in Linked List,Linked List,Unknown,GeeksforGeeks,"28 Aug, 2025","Given the head of a singly linked list, determine whether the list contains a cycle.","Input: head: 1 -> 3 -> 4 -> 3Output: trueExplanation:The last node of the linked list does not point to NULL; instead, it points to an earlier node in the list, creating a cycle.Input:head: 1 -> 8 -> 3 -> 4 -> NULLOutput: falseExplanation:The last node of the linked list points to NULL, indicating the end of the list.",22,#include<iostream>#include<unordered_set>usingnamespacestd;classNode{public:intdata;Node*next;Node(intx){this->data=x;this->next=nullptr;}};booldetectLoop(Node*head){unordered_set<Node*>st;while(head!,"Given the head of a singly linked list, determine whether the list contains a cycle.  A cycle exists if, while traversing the list through next pointers, you encounter a node that has already been visited instead of eventually reaching nullptr.  Input: head: 1 -> 3 -> 4 -> 3Output: trueExplanation:The last node of the linked list does not point to NULL; instead, it points to an earlier node in the list, creating a cycle.Input:head: 1 -> 8 -> 3 -> 4 -> NULLOutput: falseExplanation:The last node of the linked list points to NULL, indicating the end of the list.  Input: head: 1 -> 3 -> 4 -> 3Output: true  Explanation:The last node of the linked list does not point to NULL; instead, it points to an earlier node in the list, creating a cycle.  Input:head: 1 -> 8 -> 3 -> 4 -> NULLOutput: false  Explanation:The last node of the linked list points to NULL, indicating the end of the list.  Table of Content  [Naive Approach] Using HashSet - O(n) Time and O(n) Space  [Expected Approach] Using Flo",False
32,Merge two sorted linked lists,Linked List,Unknown,GeeksforGeeks,"30 Aug, 2025","Given theheadsof two sorted linked lists, merge them into a single sorted linked list and return the head of the merged list.","Input:Output:2 -> 3 -> 5 -> 10 -> 15 -> 20 -> 40Explanation:Merging two sorted lists [5, 10, 15, 40] and [2, 3, 20] in order gives 2 -> 3 -> 5 -> 10 -> 15 -> 20 -> 40.Input:Output:1 -> 1 -> 2 -> 4Explanation:Merging [1 ,1] and [2, 4] in order gives 1 -> 1 -> 2 -> 4.",37,"#include<iostream>#include<vector>#include<algorithm>usingnamespacestd;classNode{public:intdata;Node*next;Node(intx){data=x;next=nullptr;}};Node*sortedMerge(Node*head1,Node*head2){vector<int>arr;// pu","Given theheadsof two sorted linked lists, merge them into a single sorted linked list and return the head of the merged list.  Input:Output:2 -> 3 -> 5 -> 10 -> 15 -> 20 -> 40Explanation:Merging two sorted lists [5, 10, 15, 40] and [2, 3, 20] in order gives 2 -> 3 -> 5 -> 10 -> 15 -> 20 -> 40.Input:Output:1 -> 1 -> 2 -> 4Explanation:Merging [1 ,1] and [2, 4] in order gives 1 -> 1 -> 2 -> 4.  Output:2 -> 3 -> 5 -> 10 -> 15 -> 20 -> 40Explanation:Merging two sorted lists [5, 10, 15, 40] and [2, 3, 20] in order gives 2 -> 3 -> 5 -> 10 -> 15 -> 20 -> 40.  Output:1 -> 1 -> 2 -> 4Explanation:Merging [1 ,1] and [2, 4] in order gives 1 -> 1 -> 2 -> 4.  Table of Content  [Naive Approach] By Using Array - O((n+m) × log(n+m)) Time and O(n+m) Space  [Better Approach] Using Recursive Merge - O(n+m) Time and O(n+m) Space  [Efficient Approach] Using Iterative Merge - O(n+m) Time and O(1) Space  [Naive Approach] By Using Array - O((n+m) × log(n+m)) Time and O(n+m) Space  The idea is to use an array to",False
33,Merge K sorted linked lists,Linked List,Unknown,GeeksforGeeks,"26 Aug, 2025","Givenksorted linked lists of different sizes, we need to merge them into a single list while maintaining their sorted order.",Input:Output:Explanation:Merged lists in a sorted order where every element is greater than the previous element.Input:Output:,35,"#include<iostream>#include<vector>usingnamespacestd;classNode{public:intdata;Node*next;Node(intx){data=x;next=nullptr;}};// Function to merge only 2 listsNode*mergeTwo(Node*head1,Node*head2){// Create","Givenksorted linked lists of different sizes, we need to merge them into a single list while maintaining their sorted order.  Input:Output:Explanation:Merged lists in a sorted order where every element is greater than the previous element.Input:Output:  Explanation:Merged lists in a sorted order where every element is greater than the previous element.  Table of Content  [Naive Approach - 1] - By Merging List One by One  [Naive Approach - 2] - By repeatedly selecting the minimum node  [Expected Approach - 1] - Using Min Heap (Works better for unequal sized lists)  [Expected Approach - 2] - Using Divide and Conquer (Works better for equal sized lists)  [Naive Approach - 1] - By Merging List One by One  The idea is to initialize the result as empty. Now one by one merge every linked list into the resultant list using the idea ofmerging two sorted linked lists. We always consider the result as first list and other list as second. At the end, we return result.  The idea is to initialize th",False
34,Remove Nth node from end of the Linked List,Linked List,Unknown,GeeksforGeeks,"04 Sep, 2024",Given a linked list. The task is toremovetheNthnode from theendof the linked list.,"Input :LinkedList = 1 ->2 ->3 ->4 ->5 , N = 2Output :1 ->2 ->3 ->5Explanation:Linked list after deleting the 2nd node from last which is 4, is 1 ->2 ->3 ->5Input :LinkedList = 7 ->8 ->4 ->3 ->2 , N = 1Output :7 ->8 ->4 ->3Explanation:Linked list after deleting the 1st node from last which is 2, is 7 ->8 ->4 ->3",24,// C++ program to delete nth node from last#include<iostream>usingnamespacestd;classNode{public:intdata;Node*next;Node(intnew_data){data=new_data;next=nullptr;}};// Function to remove the Nth node fro,"Given a linked list. The task is toremovetheNthnode from theendof the linked list.  Input :LinkedList = 1 ->2 ->3 ->4 ->5 , N = 2Output :1 ->2 ->3 ->5Explanation:Linked list after deleting the 2nd node from last which is 4, is 1 ->2 ->3 ->5Input :LinkedList = 7 ->8 ->4 ->3 ->2 , N = 1Output :7 ->8 ->4 ->3Explanation:Linked list after deleting the 1st node from last which is 2, is 7 ->8 ->4 ->3  Input :LinkedList = 1 ->2 ->3 ->4 ->5 , N = 2Output :1 ->2 ->3 ->5Explanation:Linked list after deleting the 2nd node from last which is 4, is 1 ->2 ->3 ->5  Input :LinkedList = 7 ->8 ->4 ->3 ->2 , N = 1Output :7 ->8 ->4 ->3Explanation:Linked list after deleting the 1st node from last which is 2, is 7 ->8 ->4 ->3  Table of Content  [Expected Approach - 1] Find Equivalent node from Front - O(n) Time and O(1) Space  [Expected Approach - 2] Using Fast and Slow Pointer - O(n) Time and O(1) Space  [Expected Approach - 1] Find Equivalent node from Front - O(n) Time and O(1) Space:  To remove theNthnod",False
35,Unknown,Linked List,Unknown,GeeksforGeeks,,Error: Article not found,,0,,,False
36,Add 1 to a number represented as linked list,Linked List,Unknown,GeeksforGeeks,"10 Sep, 2024",Anumberis represented inlinked listsuch that each digit corresponds to a node in linked list. The task is toadd1 to it.,Input: head:4 -> 5 -> 6Output:head:4 -> 5 -> 7Explanation:Adding 1 to number represented by Linked List = 456 + 1 = 457Input:head: 2 -> 1 -> 6 -> 9Output:head:2 -> 1 -> 7 -> 0Explanation:Adding 1 to number represented by Linked List = 2169 + 1 = 2170,24,// C++ program to add one to a linked list#include<iostream>usingnamespacestd;classNode{public:intdata;Node*next;Node(intx){data=x;next=nullptr;}};// Recursively add 1 from end to beginning and return,"Anumberis represented inlinked listsuch that each digit corresponds to a node in linked list. The task is toadd1 to it.  Input: head:4 -> 5 -> 6Output:head:4 -> 5 -> 7Explanation:Adding 1 to number represented by Linked List = 456 + 1 = 457Input:head: 2 -> 1 -> 6 -> 9Output:head:2 -> 1 -> 7 -> 0Explanation:Adding 1 to number represented by Linked List = 2169 + 1 = 2170  Input: head:4 -> 5 -> 6Output:head:4 -> 5 -> 7Explanation:Adding 1 to number represented by Linked List = 456 + 1 = 457  Input:head: 2 -> 1 -> 6 -> 9Output:head:2 -> 1 -> 7 -> 0Explanation:Adding 1 to number represented by Linked List = 2169 + 1 = 2170  Table of Content  [Expected Approach - 1] Using Recursive Method - O(n) Time and O(n) Space  [Expected Approach - 2] Using Iterative Method - O(n) Time and O(1) Space  [Expected Approach - 1] Using Recursive Method - O(n) Time and O(n) Space:  The  idea is torecursivelytraverse the linked list, reaching thelast node first. This ensures that theleast significant digitis p",False
37,Clone a Linked List with Random Pointer,Linked List,Unknown,GeeksforGeeks,"02 Sep, 2025",Given aheadof linked list where each node has two links:next pointerpointing to the next node andrandom pointerto any random node in the list. Create a clone of this linked list.,"The idea is to create a new node corresponding to each node in the original linked list and store the new nodes in a hash table. Now, again traverse the original linked list and update the next and random pointers of new nodes corresponding to every original node.",22,"#include<iostream>#include<unordered_map>usingnamespacestd;classNode{public:intdata;Node*next;Node*random;Node(intx){data=x;next=random=NULL;}};Node*cloneLinkedList(Node*head){unordered_map<Node*,Node","Given aheadof linked list where each node has two links:next pointerpointing to the next node andrandom pointerto any random node in the list. Create a clone of this linked list.  Table of Content  [Naive Approach -  1] Using Hashing - O(n) Time and O(n) Space  [Naive Approach -  2] Using Hashing and Recursion- O(n) Time and O(n) Space  [Expected Approach] By Inserting Nodes In-place - O(n) Time and O(1) Space  [Naive Approach - 1] Using Hashing - O(n) Time and O(n) Space  The idea is to create a new node corresponding to each node in the original linked list and store the new nodes in a hash table. Now, again traverse the original linked list and update the next and random pointers of new nodes corresponding to every original node.  The idea is to create a new node corresponding to each node in the original linked list and store the new nodes in a hash table. Now, again traverse the original linked list and update the next and random pointers of new nodes corresponding to every origin",False
38,Infix to Postfix Expression,"Stack, Queue & Deque",Unknown,GeeksforGeeks,"15 Sep, 2025","Given a stringsrepresenting an infix expression (""operand1 operator operand2"" ), Convert it into its postfix notation (""operand1 operand2 operator"").","Input:s = ""a*(b+c)/d""Output:abc+*d/Explanation:The expression is a * (b + c) / d. First, inside the brackets, b + c becomes bc+. Now the expression looks like a * (bc+) / d. Next, multiply a with (bc+), so it becomes abc+* . Finally, divide this result by d, so it becomes abc+*d/.Input:s = ""a+b*c+d""Output:abc*+d+Explanation:The expression a + b * c + d is converted by first doing b * c → bc*, then adding a → abc*+, and finally adding d → abc*+d+.",12,#include<iostream>#include<stack>usingnamespacestd;// Function to return precedence of operatorsintprec(charc){if(c=='^')return3;elseif(c=='/'||c=='*')return2;elseif(c=='+'||c=='-')return1;elsereturn-,"Given a stringsrepresenting an infix expression (""operand1 operator operand2"" ), Convert it into its postfix notation (""operand1 operand2 operator"").  Note:The precedence order is as follows: (^) has the highest precedence and is evaluated from right to left, (* and /) come next with left to right associativity, and (+ and -) have the lowest precedence with left to right associativity.  Input:s = ""a*(b+c)/d""Output:abc+*d/Explanation:The expression is a * (b + c) / d. First, inside the brackets, b + c becomes bc+. Now the expression looks like a * (bc+) / d. Next, multiply a with (bc+), so it becomes abc+* . Finally, divide this result by d, so it becomes abc+*d/.Input:s = ""a+b*c+d""Output:abc*+d+Explanation:The expression a + b * c + d is converted by first doing b * c → bc*, then adding a → abc*+, and finally adding d → abc*+d+.  Input:s = ""a*(b+c)/d""Output:abc+*d/Explanation:The expression is a * (b + c) / d. First, inside the brackets, b + c becomes bc+. Now the expression looks like",False
39,Next Greater Element in Array,"Stack, Queue & Deque",Unknown,GeeksforGeeks,"10 Sep, 2025","Given an arrayarr[]of integers, determine theNext Greater Element(NGE) for every element in the array, maintaining the order of appearance.","Input: arr[] = [1, 3, 2, 4]Output: [3, 4, 4, -1]Explanation: The next larger element to 1 is 3, 3 is 4, 2 is 4 and for 4, since it doesn't exist, it is -1.Input: arr[] = [6, 8, 0, 1, 3]Output: [8, -1, 1, 3, -1]Explanation: The next larger element to 6 is 8, for 8 there is no larger elements hence it is -1, for 0 it is 1 , for 1 it is 3 and then for 3 there is no larger element on right and hence -1.",20,"#include<iostream>#include<vector>usingnamespacestd;vector<int>nextLargerElement(vector<int>&arr){intn=arr.size();vector<int>res(n,-1);// iterate through each element in the arrayfor(inti=0;i<n;i++){/","Given an arrayarr[]of integers, determine theNext Greater Element(NGE) for every element in the array, maintaining the order of appearance.  The Next Greater Element for an element x is defined as the first element to the right of x in the array that is strictly greater than x.  If no such element exists for an element, its Next Greater Element is -1.  Input: arr[] = [1, 3, 2, 4]Output: [3, 4, 4, -1]Explanation: The next larger element to 1 is 3, 3 is 4, 2 is 4 and for 4, since it doesn't exist, it is -1.Input: arr[] = [6, 8, 0, 1, 3]Output: [8, -1, 1, 3, -1]Explanation: The next larger element to 6 is 8, for 8 there is no larger elements hence it is -1, for 0 it is 1 , for 1 it is 3 and then for 3 there is no larger element on right and hence -1.  Input: arr[] = [1, 3, 2, 4]Output: [3, 4, 4, -1]Explanation: The next larger element to 1 is 3, 3 is 4, 2 is 4 and for 4, since it doesn't exist, it is -1.  Input: arr[] = [6, 8, 0, 1, 3]Output: [8, -1, 1, 3, -1]Explanation: The next larger ",False
40,Largest Rectangular Area in a Histogram,"Stack, Queue & Deque",Unknown,GeeksforGeeks,"15 Sep, 2025","Given an arrayarr[]representing a histogram, where each element denotes the height of a bar and every bar has a uniform width of 1 unit, find the largest rectangular area that can be formed within the histogram. The rectangle must be formed using contiguous bars.","Input:arr[] = [60, 20, 50, 40, 10, 50, 60]Output:100Explanation: We get the maximum area by picking bars highlighted above in green (50, and 60). The area is computed (smallest height) * (no. of the picked bars) = 50 * 2 = 100.Input:arr[] = [3, 5, 1, 7, 5, 9]Output:15Explanation:  We get the maximum are by picking bars 7, 5 and 9. The area is computed (smallest height) * (no. of the picked bars) = 5 * 3 = 15.",36,"#include<iostream>#include<vector>usingnamespacestd;intgetMaxArea(vector<int>&arr){intres=0,n=arr.size();// Consider every bar one by onefor(inti=0;i<n;i++){intcurr=arr[i];// Traverse left while we ha","Given an arrayarr[]representing a histogram, where each element denotes the height of a bar and every bar has a uniform width of 1 unit, find the largest rectangular area that can be formed within the histogram. The rectangle must be formed using contiguous bars.  Input:arr[] = [60, 20, 50, 40, 10, 50, 60]Output:100Explanation: We get the maximum area by picking bars highlighted above in green (50, and 60). The area is computed (smallest height) * (no. of the picked bars) = 50 * 2 = 100.Input:arr[] = [3, 5, 1, 7, 5, 9]Output:15Explanation:  We get the maximum are by picking bars 7, 5 and 9. The area is computed (smallest height) * (no. of the picked bars) = 5 * 3 = 15.  Input:arr[] = [60, 20, 50, 40, 10, 50, 60]Output:100Explanation: We get the maximum area by picking bars highlighted above in green (50, and 60). The area is computed (smallest height) * (no. of the picked bars) = 50 * 2 = 100.  Input:arr[] = [3, 5, 1, 7, 5, 9]Output:15Explanation:  We get the maximum are by picking bar",False
41,Delete middle element of a stack,"Stack, Queue & Deque",Unknown,GeeksforGeeks,"12 Apr, 2025","Given a stack withpush(),pop(), andempty()operations, The task is to delete themiddleelementof it without using any additional data structure.","Input: s = [10, 20, 30, 40, 50]Output: [50, 40, 20, 10]Explanation: The bottom-most element will be 10 and the top-most element will be 50. Middle element will be element at index 3 from bottom, which is 30. Deleting 30, stack will look like [10, 20, 40, 50].Input: s = [5, 8, 6, 7, 6, 6, 5, 10, 12, 9]Output: [9, 12, 10, 5, 6, 7, 6, 8, 5]",30,"#include<iostream>#include<stack>#include<vector>usingnamespacestd;voiddeleteMid(stack<int>&st,intsize){// Use a vector to store stack elementsvector<int>v;while(!st.empty()){v.push_back(st.top());st.","Given a stack withpush(),pop(), andempty()operations, The task is to delete themiddleelementof it without using any additional data structure.  Input: s = [10, 20, 30, 40, 50]Output: [50, 40, 20, 10]Explanation: The bottom-most element will be 10 and the top-most element will be 50. Middle element will be element at index 3 from bottom, which is 30. Deleting 30, stack will look like [10, 20, 40, 50].Input: s = [5, 8, 6, 7, 6, 6, 5, 10, 12, 9]Output: [9, 12, 10, 5, 6, 7, 6, 8, 5]  Input: s = [10, 20, 30, 40, 50]Output: [50, 40, 20, 10]Explanation: The bottom-most element will be 10 and the top-most element will be 50. Middle element will be element at index 3 from bottom, which is 30. Deleting 30, stack will look like [10, 20, 40, 50].  Input: s = [5, 8, 6, 7, 6, 6, 5, 10, 12, 9]Output: [9, 12, 10, 5, 6, 7, 6, 8, 5]  Table of Content  Approach - Using Vector - O(n) Time and O(n) Space  [Expected Approach 1] - Using Recursion - O(n) Time and O(n) Space  [Expected Approach 2] - Using Stac",False
42,Longest Valid Parentheses Substring,"Stack, Queue & Deque",Unknown,GeeksforGeeks,"04 Sep, 2025","Given a stringsconsisting of opening and closing parenthesis '(' and ')', find the length of the longest valid parenthesis substring.Avalid parenthesissubstring is one where every opening bracket '(' has a corresponding closing bracket ')' in the correct order.","Input: s = ""())""Output: 2Explanation: The longest valid parentheses substring is ""()"".Input: s = ""(()())""Output: 6Explanation: The entire string""(()())""is a valid parentheses substring of length 6.",32,#include<iostream>#include<stack>usingnamespacestd;intmaxLength(string&s){stack<int>st;// Push -1 as the initial index to// handle the edge casest.push(-1);intmaxLen=0;for(inti=0;i<s.length();i++){// ,"Given a stringsconsisting of opening and closing parenthesis '(' and ')', find the length of the longest valid parenthesis substring.Avalid parenthesissubstring is one where every opening bracket '(' has a corresponding closing bracket ')' in the correct order.  Input: s = ""())""Output: 2Explanation: The longest valid parentheses substring is ""()"".Input: s = ""(()())""Output: 6Explanation: The entire string""(()())""is a valid parentheses substring of length 6.  Input: s = ""())""Output: 2Explanation: The longest valid parentheses substring is ""()"".  Input: s = ""(()())""Output: 6Explanation: The entire string""(()())""is a valid parentheses substring of length 6.  Table of Content  [Expected Approach - 1] Using Stack - O(n) Time and O(n) Space  [Expected Approach - 2] Using Dynamic Programming- O(n) Time and O(n) Space  [Expected Approach - 3] Using Two Traversals - O(n) Time and O(1) Space  [Expected Approach - 1] Using Stack - O(n) Time and O(n) Space  We use a stack to track indices of unmatc",False
43,Sum of Max of Subarrays,"Stack, Queue & Deque",Unknown,GeeksforGeeks,"21 Feb, 2025","Given an arrayarr[], the task is to find the sum of the maximumelementsof every possible non-empty sub-arrays of the given arrayarr[].","Input:arr[] = [1, 3, 2]Output:15Explanation:All possible non-empty subarrays of [1, 3, 2] are {1}, {3}, {2}, {1, 3}, {3, 2} and {1, 3, 2}. The maximum elements of the subarrays are 1, 3, 2, 3, 3, 3 respectively. The sum will be 15.Input:arr[] = [3, 1]Output:7Explanation:All possible non-empty subarrays of [3, 1] are {3}, {1} and {3, 1}. The maximum elements of the subarrays are 3, 1, 3 respectively. The sum will be 7.Input:arr[] = [8, 0, 1]Output:26Explanation:All possible non-empty subarrays of",22,// C++ implementation to find sum of max// of subarrays by generating all subarrays#include<bits/stdc++.h>usingnamespacestd;intsumOfMax(vector<int>&arr){intn=arr.size();intres=0;// Pick starting point,"Given an arrayarr[], the task is to find the sum of the maximumelementsof every possible non-empty sub-arrays of the given arrayarr[].  Input:arr[] = [1, 3, 2]Output:15Explanation:All possible non-empty subarrays of [1, 3, 2] are {1}, {3}, {2}, {1, 3}, {3, 2} and {1, 3, 2}. The maximum elements of the subarrays are 1, 3, 2, 3, 3, 3 respectively. The sum will be 15.Input:arr[] = [3, 1]Output:7Explanation:All possible non-empty subarrays of [3, 1] are {3}, {1} and {3, 1}. The maximum elements of the subarrays are 3, 1, 3 respectively. The sum will be 7.Input:arr[] = [8, 0, 1]Output:26Explanation:All possible non-empty subarrays of [8, 0, 1] are {8}, {0}, {1}, {8, 0}, {0, 1} and {8, 0, 1}. The maximum elements of the subarrays are 8, 0, 1, 8, 1, 8 respectively. The sum will be 26.  Input:arr[] = [1, 3, 2]Output:15Explanation:All possible non-empty subarrays of [1, 3, 2] are {1}, {3}, {2}, {1, 3}, {3, 2} and {1, 3, 2}. The maximum elements of the subarrays are 1, 3, 2, 3, 3, 3 respectively",False
44,Next greater element in a Circular Array,"Stack, Queue & Deque",Unknown,GeeksforGeeks,"05 Sep, 2025","Given a circular arrayarr[], find thenext greater elementfor each element in the array.Note:The next greater element of an element is the first next element greater than it when traversing the array in order (circularly). If no such element exists, return -1 for that position.","Input:arr[] = [5, 7, 1, 2, 6]Output: [7, -1, 2, 6, 7]Explanation:Next greater element for 5 is 7.For 7, no greater element exists, so it is -1.For 1, the next greater element is 2.For 2, the next greater element is 6.For 6, the next greater element is 7 (circularly).Input: arr[] = [6, 8, 0, 1, 3]Output: [8, -1, 1, 3, 6]Explanation: In the array, the next larger element to 6 is 8, for 8 there is no larger elements hence it is -1, for 0 it is 1, for 1 it is 3 and then for 3 there is 6.",20,"#include<iostream>#include<vector>usingnamespacestd;vector<int>nextGreater(vector<int>&arr){intn=arr.size();vector<int>res(n,-1);for(inti=0;i<n;i++){for(intj=1;j<n;j++){// Checking for next greater el","Given a circular arrayarr[], find thenext greater elementfor each element in the array.Note:The next greater element of an element is the first next element greater than it when traversing the array in order (circularly). If no such element exists, return -1 for that position.  Input:arr[] = [5, 7, 1, 2, 6]Output: [7, -1, 2, 6, 7]Explanation:Next greater element for 5 is 7.For 7, no greater element exists, so it is -1.For 1, the next greater element is 2.For 2, the next greater element is 6.For 6, the next greater element is 7 (circularly).Input: arr[] = [6, 8, 0, 1, 3]Output: [8, -1, 1, 3, 6]Explanation: In the array, the next larger element to 6 is 8, for 8 there is no larger elements hence it is -1, for 0 it is 1, for 1 it is 3 and then for 3 there is 6.  Input:arr[] = [5, 7, 1, 2, 6]Output: [7, -1, 2, 6, 7]Explanation:Next greater element for 5 is 7.For 7, no greater element exists, so it is -1.For 1, the next greater element is 2.For 2, the next greater element is 6.For 6, the nex",False
45,Longest subarray with absolute difference between any pair at most X,"Stack, Queue & Deque",Unknown,GeeksforGeeks,"22 Sep, 2025","Given an integer arrayarr[]and an integerx, Find the longest sub-array where the absolute difference between any two elements is not greater thanx.","Input:arr[] = [8, 4, 5, 6, 7], x = 3Output:[4, 5, 6, 7]Explanation:The longest valid subarray is [4, 5, 6, 7] because max = 7, min = 4 → difference = 3 which is less than equal to x.Input:arr[] = [1, 10, 12, 13, 14], x = 2Output:[12, 13, 14]Explanation:The longest valid subarray is[12, 13, 14]because max = 14, min = 12 → difference = 2 which is less than equal to x.",30,"#include<iostream>#include<vector>#include<climits>usingnamespacestd;vector<int>longestSubarray(vector<int>&arr,intx){intn=arr.size();intstart=0,maxLen=1;for(inti=0;i<n;i++){for(intj=i;j<n;j++){// Fin","Given an integer arrayarr[]and an integerx, Find the longest sub-array where the absolute difference between any two elements is not greater thanx.  Input:arr[] = [8, 4, 5, 6, 7], x = 3Output:[4, 5, 6, 7]Explanation:The longest valid subarray is [4, 5, 6, 7] because max = 7, min = 4 → difference = 3 which is less than equal to x.Input:arr[] = [1, 10, 12, 13, 14], x = 2Output:[12, 13, 14]Explanation:The longest valid subarray is[12, 13, 14]because max = 14, min = 12 → difference = 2 which is less than equal to x.  Input:arr[] = [8, 4, 5, 6, 7], x = 3Output:[4, 5, 6, 7]Explanation:The longest valid subarray is [4, 5, 6, 7] because max = 7, min = 4 → difference = 3 which is less than equal to x.  Input:arr[] = [1, 10, 12, 13, 14], x = 2Output:[12, 13, 14]Explanation:The longest valid subarray is[12, 13, 14]because max = 14, min = 12 → difference = 2 which is less than equal to x.  Table of Content  [Naive Approach] Checking all subarrays - O(n^3) Time and O(1) Space  [Better Approach] Usi",False
46,Sliding Window Maximum (Maximum of all subarrays of size K),"Stack, Queue & Deque",Unknown,GeeksforGeeks,"13 Aug, 2025","Given an arrayarr[]of integers and an integerk, your task is to find the maximum value for each contiguous subarray of sizek. The output should be an array of maximum values corresponding to each contiguous subarray.","Input:arr[] = [1, 2, 3, 1, 4, 5, 2, 3, 6], k = 3Output:[3, 3, 4, 5, 5, 5, 6]Explanation:1st contiguous subarray = [1 2 3] max = 32nd contiguous subarray = [2 3 1] max = 33rd contiguous subarray = [3 1 4] max = 44th contiguous subarray = [1 4 5] max = 55th contiguous subarray = [4 5 2] max = 56th contiguous subarray = [5 2 3] max = 57th contiguous subarray = [2 3 6] max = 6Input:arr[] = [5, 1, 3, 4, 2, 6], k = 1Output:[5, 1, 3, 4, 2, 6]Explanation:When k = 1, each element in the array is its own ",30,"#include<iostream>#include<vector>usingnamespacestd;// Method to find the maximum for each// and every contiguous subarray of size k.vector<int>maxOfSubarrays(vector<int>&arr,intk){intn=arr.size();// ","Given an arrayarr[]of integers and an integerk, your task is to find the maximum value for each contiguous subarray of sizek. The output should be an array of maximum values corresponding to each contiguous subarray.  Input:arr[] = [1, 2, 3, 1, 4, 5, 2, 3, 6], k = 3Output:[3, 3, 4, 5, 5, 5, 6]Explanation:1st contiguous subarray = [1 2 3] max = 32nd contiguous subarray = [2 3 1] max = 33rd contiguous subarray = [3 1 4] max = 44th contiguous subarray = [1 4 5] max = 55th contiguous subarray = [4 5 2] max = 56th contiguous subarray = [5 2 3] max = 57th contiguous subarray = [2 3 6] max = 6Input:arr[] = [5, 1, 3, 4, 2, 6], k = 1Output:[5, 1, 3, 4, 2, 6]Explanation:When k = 1, each element in the array is its own subarray, so the output is simply the same array.Input:arr[] = [1, 3, 2, 1, 7, 3], k = 3Output:[3, 3, 7, 7]  Input:arr[] = [1, 2, 3, 1, 4, 5, 2, 3, 6], k = 3Output:[3, 3, 4, 5, 5, 5, 6]Explanation:1st contiguous subarray = [1 2 3] max = 32nd contiguous subarray = [2 3 1] max = 33rd",False
47,Stack Coding Problems for SDE Interviews,"Stack, Queue & Deque",Unknown,GeeksforGeeks,"21 Sep, 2025","AStackis a linear data structure in which the insertion of a new element and removal of an existing element takes place at the same end, represented as the top of the stack. To learn about Stack Data Structure in detail, please refer to theTutorial on Stack Data Structure.",,0,,"AStackis a linear data structure in which the insertion of a new element and removal of an existing element takes place at the same end, represented as the top of the stack. To learn about Stack Data Structure in detail, please refer to theTutorial on Stack Data Structure.  Easy Problems  Parenthesis Checker  Reverse a String using Stack  Postfix to Prefix  Two stacks in an array  Delete Middle element from stack  Reverse individual words  Medium Problems  Queue using Stacks  Stack using Queues  Stack using single queue  Evaluate Postfix Expression  Next Greater Element  Nearest Smaller Element  Next Smaller of next Greater  Sort a stack using a temporary stack  Stock Span Problem  Reverse a Stack using recursion  Infix to Postfix  Delete consecutive same words  A Stack with getMin() in O(1) Time  Count of Subarrays with first as minimum  Length of the longest valid substring  Index of closing bracket  Next Greater Frequency Element  Max Diff between nearest smallers  Max product of in",False
48,Queue Coding Questions for SDE Interviews,"Stack, Queue & Deque",Unknown,GeeksforGeeks,"21 Sep, 2025","AQueueis defined as a linear data structure that is open at both ends and the operations are performed inFirst In First Out (FIFO)order. The element which is first pushed into the order, the operation is first performed on that.",,0,,"AQueueis defined as a linear data structure that is open at both ends and the operations are performed inFirst In First Out (FIFO)order. The element which is first pushed into the order, the operation is first performed on that.  Easy Problems  Circular Array Implementation  Linked List Implementation  Medium & Hard Problems  Flipping Bits with K-Window  Interleave the first and second halves  Check if a queue can be sorted  Generate Binary Numbers  Implement Stack using Queues  Implement Stack using Two Queues  Implement Queue using Two Stacks  Implement a Queue using a Stack  Reverse a queue using recursion  Minimum steps to reach target by a Knight  First negative integer in every window of size k  Minimum time required to rot all oranges  Shortest safe route in a path with landmines  First circular tour that visits all petrol pumps  Reverse First k of Queue  First non-repeating in a Stream  Snake and Ladder Problem  Minimum Cost Path via given intermediates  Related Links:  DSA Tut",False
49,Deque Interview Questions for SDE Interviews,"Stack, Queue & Deque",Unknown,GeeksforGeeks,"22 Sep, 2025","ADeque(Double-Ended Queue) is a flexible data structure that supports insertion and deletion from both ends in O(1) time. In SDE interviews, deques are frequently tested in problems involving efficient subarray computations, maintaining order constraints, and implementing caching mechanisms.",,0,,"ADeque(Double-Ended Queue) is a flexible data structure that supports insertion and deletion from both ends in O(1) time. In SDE interviews, deques are frequently tested in problems involving efficient subarray computations, maintaining order constraints, and implementing caching mechanisms.  Circular Array Implementation of Deque  Implementation of Deque using doubly linked list  Stack and Queue Implementation using Deque  Reverse First K Elements of a Queue  First Negative in Every Window of Size K  Maximum of all subarrays of size K  Sum of Min & Max in All Subarrays of Size K  Maximum score possible  Longest subarray with at most k difference  Longest Subarray with Max Pair Difference ≤ X  Minimize the Max difference between adjacent  Bitonic Sequence from a given range  Queue with Minimum",False
50,Maximum Depth or Height of a Binary Tree,Tree,Unknown,GeeksforGeeks,"07 Oct, 2025","Given therootof abinary tree, find themaximum depthof the tree.The maximum depth or height of the tree is thenumber of edgesin the tree from the root to the deepest node.",Input:Output:2Explanation:The longest path from the root node to deepest node has 2 edges.Input:Output:3Explanation:The longest path from the root (node 1) to deepest leaf (node 6) has 3 edges.,25,"1 + max(leftHeight, rightHeight)","Given therootof abinary tree, find themaximum depthof the tree.The maximum depth or height of the tree is thenumber of edgesin the tree from the root to the deepest node.  Input:Output:2Explanation:The longest path from the root node to deepest node has 2 edges.Input:Output:3Explanation:The longest path from the root (node 1) to deepest leaf (node 6) has 3 edges.  Output:2Explanation:The longest path from the root node to deepest node has 2 edges.  Output:3Explanation:The longest path from the root (node 1) to deepest leaf (node 6) has 3 edges.  Table of Content  [Approach 1] Using Recursion  [Approach 2] Level Order Traversal- O(n)  Time and O(n) Space  [Approach 1] Using Recursion  The idea is to recursively compute the height of the left and right subtrees for each node. The height of the current node is then calculated by1 + max(leftHeight, rightHeight). The recursion bottoms out when we reach to a null node, which contributes a height of 0.  The idea is to recursively compute the ",False
51,Check if two trees are Mirror,Tree,Unknown,GeeksforGeeks,"23 Jul, 2025","Given twoBinary Trees, the task is to check if two trees aremirrorof each other or not. For two trees ‘a’ and ‘b’ to be mirror images, the following three conditions must be true:","Input:Output:TrueExplanation:Both trees are mirror images of each other, so output is TrueInput:Output:FalseExplanation:Since both trees are not mirror images of each other, the output is False.",12,"// Recursive C++ program to check if two// roots are mirror of each other#include<iostream>usingnamespacestd;classNode{public:intdata;Node*left,*right;Node(intval){data=val;left=right=nullptr;}};// Fu","Given twoBinary Trees, the task is to check if two trees aremirrorof each other or not. For two trees ‘a’ and ‘b’ to be mirror images, the following three conditions must be true:  Their root node’s key must be same  Left subtree of root of ‘a’ and right subtree root of ‘b’ are mirror.  Right subtree of ‘a’ and left subtree of ‘b’ are mirror.  Input:Output:TrueExplanation:Both trees are mirror images of each other, so output is TrueInput:Output:FalseExplanation:Since both trees are not mirror images of each other, the output is False.  Output:TrueExplanation:Both trees are mirror images of each other, so output is True  Output:FalseExplanation:Since both trees are not mirror images of each other, the output is False.  Table of Content  [Expected Approach - 1] Recursive Approach - O(n) Time and O(h) Space  [Expected Approach - 2] Iterative Approach - O(n) Time and O(n) Space  [Expected Approach - 1] Recursive Approach - O(n) Time and O(h) Space  The idea is to check if twobinary treesar",False
52,Flip Binary Tree,Tree,Unknown,GeeksforGeeks,"23 Oct, 2024","Given abinary tree,the task is toflipthe binary tree towards theright direction that isclockwise.","Input:Output:Explanation:In the flip operation, the leftmost node becomes the root of the flipped tree and its parent becomes its right child and the right sibling becomes its left child and the same should be done for all leftmost nodes recursively.",20,"// C++ program to flip a binary tree// using recursion#include<bits/stdc++.h>usingnamespacestd;classNode{public:intdata;Node*left,*right;Node(intx){data=x;left=right=nullptr;}};// method to flip the b","Given abinary tree,the task is toflipthe binary tree towards theright direction that isclockwise.  Input:Output:Explanation:In the flip operation, the leftmost node becomes the root of the flipped tree and its parent becomes its right child and the right sibling becomes its left child and the same should be done for all leftmost nodes recursively.  Explanation:In the flip operation, the leftmost node becomes the root of the flipped tree and its parent becomes its right child and the right sibling becomes its left child and the same should be done for all leftmost nodes recursively.  Table of Content  [Expected Approach - 1] Using Recursion - O(n) Time and O(n) Space  [Expected Approach - 2] Iterative Approach - O(n) Time and O(1) Space  [Expected Approach - 1] Using Recursion - O(n) Time and O(n) Space  The idea is torecursivelyflip the binary tree by swapping theleftandrightsubtrees of each node. After flipping, the tree's structure will be reversed, and the new root of theflipped tre",False
53,Maximum Path Sum in a Binary Tree,Tree,Unknown,GeeksforGeeks,"07 Oct, 2025","Given therootof the binary tree, Find themaximum path sum. The path may start and end at any node in the tree.",Input:Output:42Explanation:Max path sum is represented using green color nodes in the above binary tree.Input:Output:31Explanation:Max path sum is represented using green color nodes in the above binary tree.,10,"#include<iostream>usingnamespacestd;classNode{public:intdata;Node*left,*right;// Constructor to initialize a new nodeNode(intvalue){data=value;left=nullptr;right=nullptr;}};// Returns the maximum path","Given therootof the binary tree, Find themaximum path sum. The path may start and end at any node in the tree.  Input:Output:42Explanation:Max path sum is represented using green color nodes in the above binary tree.Input:Output:31Explanation:Max path sum is represented using green color nodes in the above binary tree.  Output:42Explanation:Max path sum is represented using green color nodes in the above binary tree.  Output:31Explanation:Max path sum is represented using green color nodes in the above binary tree.  [Approach]Using Recursion - O(n) Time and O(h) Recursive Space  The idea is to usepostordertraversal. At each node, calculate left and right path sums, and update a global maximum with (left + node + right). Return the node’s value plus the larger side upward. The global maximum at the end gives the answer.  The idea is to usepostordertraversal. At each node, calculate left and right path sums, and update a global maximum with (left + node + right). Return the node’s value ",False
54,Level Order Traversal (Breadth First Search) of Binary Tree,Tree,Unknown,GeeksforGeeks,"08 Dec, 2025",Level Order Traversal technique is a method to traverse a Tree such that all nodes present in the same level are traversed completely before traversing the next level.,"Input:Output:[[5], [12, 13], [7, 14, 2], [17, 23, 27, 3, 8, 11]]Explanation:Start with the root - [5]Level 1: [12, 13]Level 2: [7, 14, 2]Level 3: [17, 23, 27, 3, 8, 11]",22,"#include<iostream>#include<vector>usingnamespacestd;classNode{public:intdata;Node*left,*right;// Constructor to initialize a new nodeNode(intvalue){data=value;left=nullptr;right=nullptr;}};voidlevelOr","Level Order Traversal technique is a method to traverse a Tree such that all nodes present in the same level are traversed completely before traversing the next level.  Input:Output:[[5], [12, 13], [7, 14, 2], [17, 23, 27, 3, 8, 11]]Explanation:Start with the root - [5]Level 1: [12, 13]Level 2: [7, 14, 2]Level 3: [17, 23, 27, 3, 8, 11]  Output:[[5], [12, 13], [7, 14, 2], [17, 23, 27, 3, 8, 11]]Explanation:Start with the root - [5]Level 1: [12, 13]Level 2: [7, 14, 2]Level 3: [17, 23, 27, 3, 8, 11]  Table of Content  [Approach] Using Recursion - O(n) time and O(n) space  [Expected Approach] Using Queue (Iterative) - O(n) time and O(n) space  [Approach] Using Recursion - O(n) time and O(n) space  The idea is to traverse the tree recursively, starting from the root at level 0. When a node is visited, its value is added to the result array at the index corresponding to its level, and then its left and right children are recursively processed in the same way. This effectively performs a leve",False
55,Check if a Binary Tree is subtree of another binary tree | Set 1,Tree,Unknown,GeeksforGeeks,"23 Jul, 2025","Giventwobinary trees, check if the first tree is asubtreeof the second one. A subtree of a treeT(root1)is a treeS(root2)consisting of a node inTand all of its descendants inT. The subtree corresponding to the root node is theentire treeand the subtree corresponding to any other node is called aproper subtree.",Input:Output:TrueExplanation:root2 is the subtree of root1.,12,// C++ Program to Check if a Binary Tree is subtree// of another binary tree#include<bits/stdc++.h>usingnamespacestd;classNode{public:intdata;Node*left;Node*right;Node(intvalue){data=value;left=nullpt,"Giventwobinary trees, check if the first tree is asubtreeof the second one. A subtree of a treeT(root1)is a treeS(root2)consisting of a node inTand all of its descendants inT. The subtree corresponding to the root node is theentire treeand the subtree corresponding to any other node is called aproper subtree.  Input:Output:TrueExplanation:root2 is the subtree of root1.  Output:TrueExplanation:root2 is the subtree of root1.  The idea behind the Naive approach is to check atevery nodeof themain treewhether a subtree matches the given subtree.  The idea behind the Naive approach is to check atevery nodeof themain treewhether a subtree matches the given subtree.  Follow the steps below to solve the problem:  Traverse the tree with root asroot1inpreordermanner.  For everyvisitednode in the traversal, check if thesubtreerooted at this node isidenticalto tree with root asroot2.  To check if thesubtreeis identical, traverseboth treessimultaneously.  If avisitednode's value is not equal to thec",False
56,Check if a Binary Tree is BST or not,Tree,Unknown,GeeksforGeeks,"11 Oct, 2025","Given therootof a binary tree, determine whether it is aBinary Search Tree(BST).","Input:Output: falseExplanation:In the right subtree of 10, all the values must be greater than 10, but 9 < 10.Input:Output: trueExplanation:Every node follows the property of BST.",36,//Driver Code Starts#include<iostream>#include<climits>usingnamespacestd;// Node structureclassNode{public:intdata;Node*left;Node*right;Node(intvalue){data=value;left=right=nullptr;}};//Driver Code En,"Given therootof a binary tree, determine whether it is aBinary Search Tree(BST).  A Binary Search Tree is a binary tree that satisfies the following conditions:  All nodes in the left subtree have values smaller than the root.  All nodes in the right subtree have values greater than the      root.  Both left and right subtrees are themselves BSTs.  All node values are distinct.  Input:Output: falseExplanation:In the right subtree of 10, all the values must be greater than 10, but 9 < 10.Input:Output: trueExplanation:Every node follows the property of BST.  Output: falseExplanation:In the right subtree of 10, all the values must be greater than 10, but 9 < 10.  Output: trueExplanation:Every node follows the property of BST.  Table of Content  [Approach - 1] Using specified range of Min and Max Values  [Approach - 2] Using Inorder Traversal  [Approach - 3] Using Morris Traversal - O(n) Time and O(1) Space  [Approach - 1] Using Specified range of Min and Max Values  The idea is to validat",False
57,k-th Smallest in BST,Tree,Unknown,GeeksforGeeks,"09 Dec, 2025","Given therootof aBinary Search Tree (BST) and a positive integerk, find thekthsmallest element in the Binary Search Tree.","Input:k = 3Output:10Explanation:The inorder traversal of given BST is [4, 8, 10, 12, 14, 20, 22] and its 3rd smallest element is 10.",24,//Driver Code Starts#include<iostream>usingnamespacestd;// Node StructureclassNode{public:intdata;Node*left;Node*right;Node(intx){data=x;left=nullptr;right=nullptr;}};//Driver Code Ends// Recursive fu,"Given therootof aBinary Search Tree (BST) and a positive integerk, find thekthsmallest element in the Binary Search Tree.  Input:k = 3Output:10Explanation:The inorder traversal of given BST is [4, 8, 10, 12, 14, 20, 22] and its 3rd smallest element is 10.  Input:k = 3  Output:10Explanation:The inorder traversal of given BST is [4, 8, 10, 12, 14, 20, 22] and its 3rd smallest element is 10.  Table of Content  [Expected Approach] Using In-Order traversal - O(k) Time and O(h) Space  [Expected  Approach] Using Morris Inorder Traversal - O(n) Time and O(1) Space  [Expected Approach] Using In-Order traversal - O(k) Time and O(h) Space  The idea is to traverse the binary search tree usingin-order traversalwhile maintaining the count of nodes traversed. If the node count becomes equal to k, then return the node.  The idea is to traverse the binary search tree usingin-order traversalwhile maintaining the count of nodes traversed. If the node count becomes equal to k, then return the node.  [Expe",False
58,Lowest Common Ancestor in a Binary Search Tree,Tree,Unknown,GeeksforGeeks,"11 Oct, 2025","Given therootof a Binary Search Tree and two noden1andn2, find theLowest Common Ancestor (LCA).LCA is the deepest node that has both n1 and n2 as descendants.","Input:n1.data = 4, n2.data = 14Output:8Explanation:8 is the lowest common ancestor (LCA) of nodes 4 and 14, as it is the deepest node that is an ancestor of both.Input:n1.data = 10, n2.data = 14Output:12Explanation:12 is the lowest common ancestor (LCA) of nodes 10 and 14, as it is the deepest node that is an ancestor of both.",24,"//Driver Code Starts#include<iostream>usingnamespacestd;// Node structureclassNode{public:intdata;Node*left;Node*right;Node(intval){data=val;left=right=nullptr;}};//Driver Code EndsNode*LCA(Node*root,","Given therootof a Binary Search Tree and two noden1andn2, find theLowest Common Ancestor (LCA).LCA is the deepest node that has both n1 and n2 as descendants.  Note:Both node are always present in the Binary Search Tree.  Input:n1.data = 4, n2.data = 14Output:8Explanation:8 is the lowest common ancestor (LCA) of nodes 4 and 14, as it is the deepest node that is an ancestor of both.Input:n1.data = 10, n2.data = 14Output:12Explanation:12 is the lowest common ancestor (LCA) of nodes 10 and 14, as it is the deepest node that is an ancestor of both.  Input:n1.data = 4, n2.data = 14  Output:8Explanation:8 is the lowest common ancestor (LCA) of nodes 4 and 14, as it is the deepest node that is an ancestor of both.  Input:n1.data = 10, n2.data = 14  Output:12Explanation:12 is the lowest common ancestor (LCA) of nodes 10 and 14, as it is the deepest node that is an ancestor of both.  Table of Content  [Naive Approach] LCA by Normal Binary Tree Methods - O(n) Time and O(n) Space  [Better Approac",False
59,Trie Data Structure,Tree,Unknown,GeeksforGeeks,"01 Sep, 2025","The Triedata structureis used to store a set of keys represented as strings. It allows for efficientretrievalandstorageof keys, making it highly effective in handling large datasets. Trie supports operations such asinsertion,search,deletionof keys, andprefixsearches.","Insert Operation in Trie Data StructureInserting ""and"" in Trie data structure:Start at the root node:The root node has no character associated with it and itswordEndvalue is0, indicating no complete word ends at this point.First character ""a"":Calculate the index using 'a' - 'a' = 0. Check if thechild[0]isnull. Since it is, create a new TrieNode with the character ""a"",wordEndset to0, and an empty array of pointers. Move to this new node.Second character ""n"":Calculate the index using'n' - 'a' = 13",57,classTrieNode{public:// pointer array for child nodes of each nodeTrieNode*children[26];// Used for indicating ending of stringboolisLeaf;TrieNode(){// initialize the wordEnd variable with false// ini,"The Triedata structureis used to store a set of keys represented as strings. It allows for efficientretrievalandstorageof keys, making it highly effective in handling large datasets. Trie supports operations such asinsertion,search,deletionof keys, andprefixsearches.  Representation of Trie Node  Trie data structureconsists of nodes connected by edges.  Each node represents a character or a part of a string.  The root node acts as a starting point and does not store any character.  Insertion in Trie Data Structure - O(n) Time and O(n) Space  Insert Operation in Trie Data StructureInserting ""and"" in Trie data structure:Start at the root node:The root node has no character associated with it and itswordEndvalue is0, indicating no complete word ends at this point.First character ""a"":Calculate the index using 'a' - 'a' = 0. Check if thechild[0]isnull. Since it is, create a new TrieNode with the character ""a"",wordEndset to0, and an empty array of pointers. Move to this new node.Second chara",False
60,Find Median from Running Data Stream,Heap,Unknown,GeeksforGeeks,"15 Oct, 2025","Given a data streamarr[]where integers are read sequentially, Determine themedianof the elements encountered so far after each new integer is read.","Input:arr[] = [5, 15, 1, 3, 2, 8]Output:[5.00, 10.00, 5.00, 4.00, 3.00, 4.00]Explanation:After reading 1st element of stream - 5 -> median = 5After reading 2nd element of stream - 5, 15 -> median = (5+15)/2 = 10After reading 3rd element of stream - 5, 15, 1 -> median = 5After reading 4th element of stream - 5, 15, 1, 3 ->  median = (3+5)/2 = 4After reading 5th element of stream - 5, 15, 1, 3, 2 -> median = 3After reading 6th element of stream - 5, 15, 1, 3, 2, 8 ->  median = (3+5)/2 = 4Input: ar",22,#include<iostream>#include<vector>#include<iomanip>usingnamespacestd;vector<double>getMedian(vector<int>&arr){vector<double>res;res.push_back(arr[0]);for(inti=1;i<arr.size();i++){intj=i-1;intnum=arr[i,"Given a data streamarr[]where integers are read sequentially, Determine themedianof the elements encountered so far after each new integer is read.  There are two cases for median on the basis of data set size.  If the data set has an odd number then the middle one will be consider as median.  If the data set has an even number then there is no distinct middle value and the median will be the arithmetic mean of the two middle values.  Input:arr[] = [5, 15, 1, 3, 2, 8]Output:[5.00, 10.00, 5.00, 4.00, 3.00, 4.00]Explanation:After reading 1st element of stream - 5 -> median = 5After reading 2nd element of stream - 5, 15 -> median = (5+15)/2 = 10After reading 3rd element of stream - 5, 15, 1 -> median = 5After reading 4th element of stream - 5, 15, 1, 3 ->  median = (3+5)/2 = 4After reading 5th element of stream - 5, 15, 1, 3, 2 -> median = 3After reading 6th element of stream - 5, 15, 1, 3, 2, 8 ->  median = (3+5)/2 = 4Input: arr[] = [2, 2, 2, 2]Output: [2.00, 2.00, 2.00, 2.00]Explanation",False
61,Largest triplet product in a stream,Heap,Unknown,GeeksforGeeks,"14 Feb, 2025","Given a stream of integers represented as arr[]. For each index i from 0 to n-1, print the multiplication of the largest, second largest, and third largest element of the subarray arr[0...i]. If i < 2 print -1.","Input:arr[] = {1, 2, 3, 4, 5}Output:-1 -1 6 24 60Explanation:for i = 2 only three elements are there {1, 2, 3} so answer is 6.For i = 3 largest three elements are {2, 3, 4} their product is 2*3*4 = 24 ....so onInput:arr[] = {-5, -2, 0, 3, 6, 7}Output:-1 -1 0 0 0 126Explanation:Fori = 2: Three elements are{-5, -2, 0}, so their product =0.Fori = 3: Three largest elements are{-2, 0, 3}, product =0.Fori = 4: Three largest elements are{0, 3, 6}, product =0.Fori = 5: Three largest elements are{3, 6, 7",20,// C++ implementation of largest triplet// multiplication#include<bits/stdc++.h>usingnamespacestd;vector<int>largestTripletProducts(vector<int>&arr){priority_queue<int>pq;vector<int>result;for(inti=0;,"Given a stream of integers represented as arr[]. For each index i from 0 to n-1, print the multiplication of the largest, second largest, and third largest element of the subarray arr[0...i]. If i < 2 print -1.  Input:arr[] = {1, 2, 3, 4, 5}Output:-1 -1 6 24 60Explanation:for i = 2 only three elements are there {1, 2, 3} so answer is 6.For i = 3 largest three elements are {2, 3, 4} their product is 2*3*4 = 24 ....so onInput:arr[] = {-5, -2, 0, 3, 6, 7}Output:-1 -1 0 0 0 126Explanation:Fori = 2: Three elements are{-5, -2, 0}, so their product =0.Fori = 3: Three largest elements are{-2, 0, 3}, product =0.Fori = 4: Three largest elements are{0, 3, 6}, product =0.Fori = 5: Three largest elements are{3, 6, 7}, product =3*6*7 = 126.Input:arr[] = {2, 2, 2, 2, 2}Output:-1 -1 8 8 8Explanation:Fori = 2: Three elements{2, 2, 2}, so2*2*2 = 8.Fori = 3and onwards, the largest three elements are always{2, 2, 2}, so output remains8.  Input:arr[] = {1, 2, 3, 4, 5}Output:-1 -1 6 24 60Explanation:for i =",False
62,Connect n ropes with minimum cost,Heap,Unknown,GeeksforGeeks,"18 Oct, 2025","Given an arrayarr[]of rope lengths, connect all ropes into a single rope with theminimumtotal cost. The cost to connect two ropes is thesumof their lengths.","Input:arr[] = [4, 3, 2, 6]Output:29Explanation:Minimum cost to connect all ropes into a single rope isConnect ropes 2 and 3 - [4, 5, 6], cost = 5Connect ropes 4 and 5 - [9, 6], cost = 9Connect ropes 9 and 6 - [15], cost = 15Total cost = 5 + 9 + 15 = 29Input:arr[] = [10]Output:0",20,#include<iostream>#include<vector>#include<algorithm>usingnamespacestd;intminCost(vector<int>&arr){inttotalCost=0;// Continue until only one rope remainswhile(arr.size()>1){// Sort ropes to get the tw,"Given an arrayarr[]of rope lengths, connect all ropes into a single rope with theminimumtotal cost. The cost to connect two ropes is thesumof their lengths.  Input:arr[] = [4, 3, 2, 6]Output:29Explanation:Minimum cost to connect all ropes into a single rope isConnect ropes 2 and 3 - [4, 5, 6], cost = 5Connect ropes 4 and 5 - [9, 6], cost = 9Connect ropes 9 and 6 - [15], cost = 15Total cost = 5 + 9 + 15 = 29Input:arr[] = [10]Output:0  Input:arr[] = [4, 3, 2, 6]Output:29Explanation:Minimum cost to connect all ropes into a single rope isConnect ropes 2 and 3 - [4, 5, 6], cost = 5Connect ropes 4 and 5 - [9, 6], cost = 9Connect ropes 9 and 6 - [15], cost = 15Total cost = 5 + 9 + 15 = 29  Input:arr[] = [10]Output:0  Table of Content  [Naive Approach] Greedy with Repeated Sorting - O(n^2*log(n)) Time and O(n) Space  [Expected Approach] Greedy with Heap - O(n*log(n)) Time and O(n) Space  [Naive Approach] Greedy with Repeated Sorting - O(n2*log(n)) Time and O(n) Space  The idea is to always con",False
63,Clone an Undirected Graph,Graph,Unknown,GeeksforGeeks,"13 Apr, 2025","Given aconnected undirected graphrepresented by adjacency list,adjList[][]withnnodes andmedges, with each node having adistinct labelfrom0 to n-1, and each adj[i] represents the list of vertices connected to vertex i.",class Node {val: integerneighbors: List[Node]},20,#include<iostream>#include<vector>#include<queue>#include<map>usingnamespacestd;// Definition for a NodestructNode{intval;vector<Node*>neighbors;};// Clone the graphNode*cloneGraph(Node*node){if(!node,"Given aconnected undirected graphrepresented by adjacency list,adjList[][]withnnodes andmedges, with each node having adistinct labelfrom0 to n-1, and each adj[i] represents the list of vertices connected to vertex i.  Create acloneof the graph, where each node in the graph contains an integervaland an array (neighbors) of nodes,containing nodes that are adjacent to the current node.  class Node {val: integerneighbors: List[Node]}  class Node {val: integerneighbors: List[Node]}  Your task is to clone the given graph and return a reference to the cloned graph.  Note:If you return a correct copy of the given graph, the output will be true; otherwise, if the copy is incorrect, it will print false.  Input:n = 4, adjList[][] = [[1, 2], [0, 2], [0, 1, 3], [2]]Output:trueExplanation:Since the cloned graph is identical to the original, the output will be true.Input:n = 3, adjList[][] = [[1, 2], [0], [0]]Output:trueExplanation:Since the cloned graph is identical to the original, the output will",False
64,Unknown,Graph,Unknown,GeeksforGeeks,,Error: Article not found,,0,,,False
65,Atlantic pacific water flow,Graph,Unknown,GeeksforGeeks,"23 Jul, 2025","There is anN x Mrectangular island that borders both the Pacific Ocean and the Atlantic Ocean. The Pacific Ocean touches the island's left and top edges, and the Atlantic Ocean touches the island's right and bottom edges.","Input:mat[][] = {{1, 2, 2, 3, 5},{3, 2, 3, 4, 4},{2, 4, 5, 3, 1},{6, 7, 1, 4, 5},{5, 1, 1, 2, 4}}Output:7Explanation:In the given matrix, there are 7 coordinates through which the water can flow to both the lakes. They are  (0, 4), (1, 3), (1, 4), (2, 2), (3, 0), (3, 1), and (4, 0)Input:mat[][] = {{2, 2},{2, 2}}Output:4Example:In the following example, all cells allow water to flow to both the lakes.",10,"// C++ Program of the above approach#include<bits/stdc++.h>usingnamespacestd;intx[5]={0,0,-1,1};inty[5]={1,-1,0,0};// Function to check if coordinate// (i, j) lies inside N x M matrixboolsafe(inti,int","There is anN x Mrectangular island that borders both the Pacific Ocean and the Atlantic Ocean. The Pacific Ocean touches the island's left and top edges, and the Atlantic Ocean touches the island's right and bottom edges.  The island is partitioned into a grid of square cells. The island receives a lot of rain, and the rainwater can flow to neighboring cells directly north, south, east, and west if the neighboring cell's height is less than or equal to the current cell's height. Water can flow from any cell adjacent to an ocean into the ocean.  Given a matrixmat[][]havingNrows andMcolumns wheremat[x][y]represents the height above sea level of the cell at coordinate(x, y), the task is to find the number of coordinates(x, y)such that the rainwater can flow from the cell(x, y)to both the Pacific and Atlantic oceans.  Input:mat[][] = {{1, 2, 2, 3, 5},{3, 2, 3, 4, 4},{2, 4, 5, 3, 1},{6, 7, 1, 4, 5},{5, 1, 1, 2, 4}}Output:7Explanation:In the given matrix, there are 7 coordinates through whic",False
66,Detect Cycle in a Directed Graph,Graph,Unknown,GeeksforGeeks,"04 Nov, 2025","Given a directed graph represented by its adjacency listadj[][], determine whether the graph contains a cycle/Loop or not.A cycle is a path that starts and ends at the same vertex, following the direction of edges.","Input:adj[][] = [[1], [2], [0, 3], []]Output:trueExplanation:There is a cycle 0 -> 1 -> 2 -> 0.Input:adj[][] = [[2], [0], []]Output:falseExplanation:There is no cycle in the graph.",20,"//Driver Code Starts#include<iostream>#include<vector>usingnamespacestd;//Driver Code Ends// Utility DFS function to detect cycle in a directed graphboolisCyclicUtil(vector<vector<int>>&adj,intu,vecto","Given a directed graph represented by its adjacency listadj[][], determine whether the graph contains a cycle/Loop or not.A cycle is a path that starts and ends at the same vertex, following the direction of edges.  Input:adj[][] = [[1], [2], [0, 3], []]Output:trueExplanation:There is a cycle 0 -> 1 -> 2 -> 0.Input:adj[][] = [[2], [0], []]Output:falseExplanation:There is no cycle in the graph.  Input:adj[][] = [[1], [2], [0, 3], []]  Output:trueExplanation:There is a cycle 0 -> 1 -> 2 -> 0.  Input:adj[][] = [[2], [0], []]  Output:falseExplanation:There is no cycle in the graph.  Table of Content  [Approach 1] Using  DFS - O(V + E) Time and O(V) Space  [Approach 2] Using  Topological Sorting - O(V + E) Time and O(V) Space  [Approach 1] Using  DFS - O(V + E) Time and O(V) Space  To detect a cycle in a directed graph, we use Depth First Search (DFS). In DFS, we go as deep as possible from a starting node. If during this process, we reach a node that we’ve already visited in the same DFS p",False
67,Bridges in a graph,Graph,Unknown,GeeksforGeeks,"23 Jul, 2025","Given an undirected Graph, The task is to find the Bridges in this Graph.","An edge in an undirected connected graph is a bridge if removing it disconnects the graph. For a disconnected undirected graph, the definition is similar, a bridge is an edge removal that increases the number of disconnected components.LikeArticulation Points, bridges represent vulnerabilities in a connected network and are useful for designing reliable networks.",11,// A C++ program to find bridges in a given undirected graph#include<bits/stdc++.h>usingnamespacestd;// A class that represents an undirected graphclassGraph{intV;// No. of verticeslist<int>*adj;// A ,"Given an undirected Graph, The task is to find the Bridges in this Graph.  An edge in an undirected connected graph is a bridge if removing it disconnects the graph. For a disconnected undirected graph, the definition is similar, a bridge is an edge removal that increases the number of disconnected components.LikeArticulation Points, bridges represent vulnerabilities in a connected network and are useful for designing reliable networks.  An edge in an undirected connected graph is a bridge if removing it disconnects the graph. For a disconnected undirected graph, the definition is similar, a bridge is an edge removal that increases the number of disconnected components.  LikeArticulation Points, bridges represent vulnerabilities in a connected network and are useful for designing reliable networks.  Input:Output:(0, 3) and (3, 4)Input:Output:(1, 6)Input:Output:(0, 1), (1, 2), and (2, 3)  Output:(0, 3) and (3, 4)  Output:(1, 6)  Output:(0, 1), (1, 2), and (2, 3)  Naive Approach:Below is",False
68,Check whether a given graph is Bipartite or not,Graph,Unknown,GeeksforGeeks,"23 Jul, 2025","Given a graph withV verticesnumbered from0 to V-1and a list ofedges, determine whether the graph isbipartiteor not.","Input:V = 4, edges[][]= [[0, 1], [0, 2], [1, 2], [2, 3]]Output:falseExplanation:node 1 and node 2 have same color while coloringThe graph is not bipartite because no matter how we try to color the nodes using two colors, there exists a cycle of odd length (like 1–2–0–1), which leads to a situation where two adjacent nodes end up with the same color. This violates the bipartite condition, which requires that no two connected nodes share the same color.Input:V = 4, edges[][] = [[0, 1], [1, 2], [2,",10,"//Driver Code Starts#include<bits/stdc++.h>usingnamespacestd;vector<vector<int>>constructadj(intV,vector<vector<int>>&edges){vector<vector<int>>adj(V);for(autoit:edges){adj[it[0]].push_back(it[1]);adj","Given a graph withV verticesnumbered from0 to V-1and a list ofedges, determine whether the graph isbipartiteor not.  Note:Abipartite graphis a type of graph where the set of vertices can be divided intotwo disjoint sets, sayUandV, such thatevery edge connects a vertex in U to a vertex in V,there areno edges between vertices within the same set.  Input:V = 4, edges[][]= [[0, 1], [0, 2], [1, 2], [2, 3]]Output:falseExplanation:node 1 and node 2 have same color while coloringThe graph is not bipartite because no matter how we try to color the nodes using two colors, there exists a cycle of odd length (like 1–2–0–1), which leads to a situation where two adjacent nodes end up with the same color. This violates the bipartite condition, which requires that no two connected nodes share the same color.Input:V = 4, edges[][] = [[0, 1], [1, 2], [2, 3]]Output:trueExplanation:The given graph can be colored in two colors so, it is a bipartite graph.  Input:V = 4, edges[][]= [[0, 1], [0, 2], [1, 2], [",False
69,Max Area of Island - Largest in Boolean Matrix,Graph,Unknown,GeeksforGeeks,"23 Jul, 2025","Given a binary 2D matrix, find area of thelargest region of 1swhich are connectedhorizontally,verticallyordiagonally.","Input: M[][]= {{1, 0, 0, 0, 1, 0, 0},{0,1, 0, 0, 1, 1, 0},{1,1, 0, 0, 0, 0, 0},{1, 0, 0, 1, 1, 0, 0},{1, 0, 0, 1, 0, 1, 1}}Output: 6Explanation: The region in red has the largest area of 6 cells.Area of Largest Region is 6Input:M[][] = {{0, 0,1, 1, 0},{1, 0,1, 1, 0},{0,1, 0, 0, 0},{0, 0, 0, 0, 1}}Output:6Explanation:In the following example, there are 2 regions. One with area = 1 and other with area = 6. So, largest area = 6.",24,"// C++ Program to find area of the largest region of 1s#include<bits/stdc++.h>usingnamespacestd;// A function to check if cell(r, c) can be included in DFSboolisSafe(vector<vector<int>>&M,intr,intc,in","Given a binary 2D matrix, find area of thelargest region of 1swhich are connectedhorizontally,verticallyordiagonally.  Input: M[][]= {{1, 0, 0, 0, 1, 0, 0},{0,1, 0, 0, 1, 1, 0},{1,1, 0, 0, 0, 0, 0},{1, 0, 0, 1, 1, 0, 0},{1, 0, 0, 1, 0, 1, 1}}Output: 6Explanation: The region in red has the largest area of 6 cells.Area of Largest Region is 6Input:M[][] = {{0, 0,1, 1, 0},{1, 0,1, 1, 0},{0,1, 0, 0, 0},{0, 0, 0, 0, 1}}Output:6Explanation:In the following example, there are 2 regions. One with area = 1 and other with area = 6. So, largest area = 6.  Input: M[][]= {{1, 0, 0, 0, 1, 0, 0},{0,1, 0, 0, 1, 1, 0},{1,1, 0, 0, 0, 0, 0},{1, 0, 0, 1, 1, 0, 0},{1, 0, 0, 1, 0, 1, 1}}  Output: 6Explanation: The region in red has the largest area of 6 cells.  Input:M[][] = {{0, 0,1, 1, 0},{1, 0,1, 1, 0},{0,1, 0, 0, 0},{0, 0, 0, 0, 1}}Output:6Explanation:In the following example, there are 2 regions. One with area = 1 and other with area = 6. So, largest area = 6.  Table of Content  Using DFS - O(rows * col",False
70,Flood Fill Algorithm,Graph,Unknown,GeeksforGeeks,"06 Nov, 2025","Given a 2D gridimg[][]representing an image, where each elementimg[i][j]is an integer that denotes the color of a pixel. Also there is a coordinates(sr, sc)representing the starting pixel (rowsrand columnsc) and an integernewColor, which represents the new color to apply.We need to perform aflood fillon the image starting from(sr, sc).It means we must change the color of the starting pixel and all other pixels that areconnectedto it (directly or indirectly) and have the same original color as th","Input:sr = 1, sc = 2, newColor = 2,img[][]= [[1, 1, 1, 0],[0, 1, 1, 1],[1, 0, 1, 1]]Output:[[2, 2, 2, 0],[0, 2, 2, 2],[1, 0, 2,2]]Explanation:Starting from pixel (1, 2) with value 1, flood fill updates all connected pixels (up, down, left, right) with value 1 to 2. The pixel at (2, 0) remains unchanged because it has no adjacent 1 connected to the starting pixel.Input:sr = 0, sc = 1, newColor = 0, img[][] = [[0, 1, 0],[0, 1, 0]]Output:[[0, 0, 0],[0, 0, 0]]Explanation:Starting from pixel (0, 1) w",22,"//Driver Code Starts#include<iostream>#include<vector>usingnamespacestd;//Driver Code Endsvoiddfs(vector<vector<int>>&img,intx,inty,intoldColor,intnewColor){if(x<0||x>=img.size()||y<0||y>=img[0].size(","Given a 2D gridimg[][]representing an image, where each elementimg[i][j]is an integer that denotes the color of a pixel. Also there is a coordinates(sr, sc)representing the starting pixel (rowsrand columnsc) and an integernewColor, which represents the new color to apply.We need to perform aflood fillon the image starting from(sr, sc).It means we must change the color of the starting pixel and all other pixels that areconnectedto it (directly or indirectly) and have the same original color as the starting pixel.Two pixels are considered connected if they are adjacent horizontally or vertically (not diagonally).  Input:sr = 1, sc = 2, newColor = 2,img[][]= [[1, 1, 1, 0],[0, 1, 1, 1],[1, 0, 1, 1]]Output:[[2, 2, 2, 0],[0, 2, 2, 2],[1, 0, 2,2]]Explanation:Starting from pixel (1, 2) with value 1, flood fill updates all connected pixels (up, down, left, right) with value 1 to 2. The pixel at (2, 0) remains unchanged because it has no adjacent 1 connected to the starting pixel.Input:sr = 0, s",False
71,Strongly Connected Components,Graph,Unknown,GeeksforGeeks,"12 Dec, 2025","In a directed graph, a Strongly Connected Component is a subset of vertices where every vertex in the subset is reachable from every other vertex in the same subset by traversing the directed edges. Finding theSCCsof a graph can provide important insights into the structure and connectivity of the graph, with applications in various fields such associal network analysis, web crawling, and network routing.","The main idea will be for each vertex i, find the vertices which will be the part of strongly connected component containing vertex i. Two vertex i and j will be in  the same strongly connected component if they there is a directed path from vertex i to vertex j and vice-versa.",22,"#include<iostream>#include<vector>#include<algorithm>usingnamespacestd;classGfG{public:// dfs Function to reach destinationbooldfs(intcurr,intdes,vector<vector<int>>&adj,vector<int>&vis){// If curr no","In a directed graph, a Strongly Connected Component is a subset of vertices where every vertex in the subset is reachable from every other vertex in the same subset by traversing the directed edges. Finding theSCCsof a graph can provide important insights into the structure and connectivity of the graph, with applications in various fields such associal network analysis, web crawling, and network routing.  The below graph has two strongly connected components {1,2,3,4} and {5,6,7} since there is path from each vertex to every other vertex in the same strongly connected component.  Difference Between Connected and Strongly Connected Components (SCCs) :The term Connected is for undirected graphs and Strongly Connected is for directed graphs. A subgraph of a directed graph is considered to be an Strongly Connected Components(SCC) if and only if for every pair of vertices A and B, there exists a path from A to B and a path from B to A.  Connecting Two Strongly Connected Component by a Unid",False
72,Topological Sorting,Graph,Unknown,GeeksforGeeks,"06 Dec, 2025","Topological sorting for Directed Acyclic Graph (DAG) is a linear ordering of vertices such that for every directed edge u→v, vertex u comes before v in the ordering. There may be several topological orderings for a graph.","Input:adj[][] = [[1], [2], [], [2, 4], []]Output:[0, 3, 1, 4, 2]Explanation:Since vertices 0 and 3 do not have any incoming edges from any other vertex, they appear first in the topological ordering. Next, vertex 1 depends only on vertex 0, so it comes after 0. Similarly, vertex 4 depends only on vertex 3, placing it after 3. Finally, vertex 2 depends on both vertices 1 and 3, so it appears after both of them in the ordering.",0,,"Topological sorting for Directed Acyclic Graph (DAG) is a linear ordering of vertices such that for every directed edge u→v, vertex u comes before v in the ordering. There may be several topological orderings for a graph.  Applies only toDAGs(Directed Acyclic Graphs), and is not possible forcyclicorundirectedgraphs.  It doesn’t “traverse” all vertices like BFS/DFS; instead, it represents dependency ordering between them.  Used in problems like task scheduling, build order, course prerequisite ordering, etc.  Input:adj[][] = [[1], [2], [], [2, 4], []]Output:[0, 3, 1, 4, 2]Explanation:Since vertices 0 and 3 do not have any incoming edges from any other vertex, they appear first in the topological ordering. Next, vertex 1 depends only on vertex 0, so it comes after 0. Similarly, vertex 4 depends only on vertex 3, placing it after 3. Finally, vertex 2 depends on both vertices 1 and 3, so it appears after both of them in the ordering.  Input:adj[][] = [[1], [2], [], [2, 4], []]  Output:[0, ",False
73,Climbing stairs to reach the top,Dynamic Programming & Greedy,Unknown,GeeksforGeeks,"25 Oct, 2025","There arenstairs, and a person standing at the bottom wants to climb stairs to reach the top. The person can climb either1stair or2stairs at a time, the task is to count the number of ways that a person can reach at the top.","Input:n = 1Output:1Explanation: There is only one way to climb 1 stair.Input:n = 2Output:2Explanation: There are two ways to reach 2th stair: {1, 1} and {2}.Input:n = 4Output:5Explanation: There are five ways to reach 4th stair: {1, 1, 1, 1}, {1, 1, 2}, {2, 1, 1}, {1, 2, 1} and {2, 2}.",60,"// C++ program to count number of ways to reach// nth stair using recursion#include<iostream>usingnamespacestd;intcountWays(intn){// Base cases: If there are 0 or 1 stairs,// there is only one way to ","There arenstairs, and a person standing at the bottom wants to climb stairs to reach the top. The person can climb either1stair or2stairs at a time, the task is to count the number of ways that a person can reach at the top.  Note:This problem is similar toCount ways to reach Nth stair (Order does not matter)with the only difference that in this problem, we count all distinct ways where different orderings of the steps are considered unique.  Input:n = 1Output:1Explanation: There is only one way to climb 1 stair.Input:n = 2Output:2Explanation: There are two ways to reach 2th stair: {1, 1} and {2}.Input:n = 4Output:5Explanation: There are five ways to reach 4th stair: {1, 1, 1, 1}, {1, 1, 2}, {2, 1, 1}, {1, 2, 1} and {2, 2}.  Input:n = 1Output:1Explanation: There is only one way to climb 1 stair.  Input:n = 2Output:2Explanation: There are two ways to reach 2th stair: {1, 1} and {2}.  Input:n = 4Output:5Explanation: There are five ways to reach 4th stair: {1, 1, 1, 1}, {1, 1, 2}, {2, 1, ",False
74,Coin Change - Count Ways to Make Sum,Dynamic Programming & Greedy,Unknown,GeeksforGeeks,"23 Jul, 2025","Given an integer array ofcoins[]ofsize nrepresenting different types ofdenominationsand an integersum, the task is to count all combinations of coins to make a given valuesum.","Input:sum = 4, coins[] = [1, 2, 3]Output:4Explanation:There are four solutions: [1, 1, 1, 1], [1, 1, 2], [2, 2] and [1, 3]Input:sum = 10, coins[] = [2, 5, 3, 6]Output:5Explanation:There are five solutions:[2, 2, 2, 2, 2], [2, 2, 3, 3], [2, 2, 6], [2, 3, 5] and [5, 5]Input:sum = 10, coins[] = [10]Output:1Explanation:The only is to pick 1 coin of value 10.Input:sum = 5, coins[] = [4]Output:0Explanation:We cannot make sum 5 with the given coins",40,"// C++ program for coin change problem// using recursion#include<bits/stdc++.h>usingnamespacestd;// Returns the count of ways we can// sum coins[0...n-1] coins to get sum ""sum""intcountRecur(vector<int","Given an integer array ofcoins[]ofsize nrepresenting different types ofdenominationsand an integersum, the task is to count all combinations of coins to make a given valuesum.  Note:Assume that you have aninfinitesupply of each type of coin.  Input:sum = 4, coins[] = [1, 2, 3]Output:4Explanation:There are four solutions: [1, 1, 1, 1], [1, 1, 2], [2, 2] and [1, 3]Input:sum = 10, coins[] = [2, 5, 3, 6]Output:5Explanation:There are five solutions:[2, 2, 2, 2, 2], [2, 2, 3, 3], [2, 2, 6], [2, 3, 5] and [5, 5]Input:sum = 10, coins[] = [10]Output:1Explanation:The only is to pick 1 coin of value 10.Input:sum = 5, coins[] = [4]Output:0Explanation:We cannot make sum 5 with the given coins  Input:sum = 4, coins[] = [1, 2, 3]Output:4Explanation:There are four solutions: [1, 1, 1, 1], [1, 1, 2], [2, 2] and [1, 3]  Input:sum = 10, coins[] = [2, 5, 3, 6]Output:5Explanation:There are five solutions:[2, 2, 2, 2, 2], [2, 2, 3, 3], [2, 2, 6], [2, 3, 5] and [5, 5]  Input:sum = 10, coins[] = [10]Output:1E",False
75,0/1 Knapsack Problem,Dynamic Programming & Greedy,Unknown,GeeksforGeeks,"23 Jul, 2025","Givennitems where each item has some weight and profit associated with it and also given a bag with capacityW, [i.e., the bag can hold at mostWweight in it]. The task is to put the items into the bag such that the sum of profits associated with them is the maximum possible.","Input:W = 4, profit[] = [1, 2, 3], weight[] = [4, 5, 1]Output:3Explanation:There are two items which have weight less than or equal to 4. If we select the item with weight 4, the possible profit is 1. And if we select the item with weight 1, the possible profit is 3. So the maximum possible profit is 3. Note that we cannot put both the items with weight 4 and 1 together as the capacity of the bag is 4.Input:W = 3, profit[] = [1, 2, 3], weight[] = [4, 5, 6]Output:0",40,"#include<bits/stdc++.h>usingnamespacestd;// Returns the maximum value that// can be put in a knapsack of capacity WintknapsackRec(intW,vector<int>&val,vector<int>&wt,intn){// Base Caseif(n==0||W==0)re","Givennitems where each item has some weight and profit associated with it and also given a bag with capacityW, [i.e., the bag can hold at mostWweight in it]. The task is to put the items into the bag such that the sum of profits associated with them is the maximum possible.  Note:The constraint here is we can either put an item completely into the bag or cannot put it at all [It is not possible to put a part of an item into the bag].  Input:W = 4, profit[] = [1, 2, 3], weight[] = [4, 5, 1]Output:3Explanation:There are two items which have weight less than or equal to 4. If we select the item with weight 4, the possible profit is 1. And if we select the item with weight 1, the possible profit is 3. So the maximum possible profit is 3. Note that we cannot put both the items with weight 4 and 1 together as the capacity of the bag is 4.Input:W = 3, profit[] = [1, 2, 3], weight[] = [4, 5, 6]Output:0  Input:W = 4, profit[] = [1, 2, 3], weight[] = [4, 5, 1]Output:3Explanation:There are two it",False
76,Longest Increasing Subsequence (LIS),Dynamic Programming & Greedy,Unknown,GeeksforGeeks,"23 Jul, 2025","Given an arrayarr[]of sizen, the task is to find thelengthof theLongest Increasing Subsequence (LIS)i.e., the longest possible subsequence in which the elements of the subsequence aresortedinincreasing order.","Input:arr[] = [3, 10, 2, 1, 20]Output:3Explanation:The longest increasing subsequence is 3, 10, 20Input:arr[] = [30, 20, 10]Output:1Explanation:The longest increasing subsequences are [30], [20] and [10]Input:arr[] = [2, 2, 2]Output:1Explanation:We consider only strictly increasing.Input:arr[] = [10, 20, 35, 80]Output:4Explanation:The whole array is sorted",30,// Cpp program to find lis using recursion// in Exponential Time and Linear Space#include<bits/stdc++.h>usingnamespacestd;// Returns LIS of subarray ending with index i.intlisEndingAtIdx(vector<int>&a,"Given an arrayarr[]of sizen, the task is to find thelengthof theLongest Increasing Subsequence (LIS)i.e., the longest possible subsequence in which the elements of the subsequence aresortedinincreasing order.  Input:arr[] = [3, 10, 2, 1, 20]Output:3Explanation:The longest increasing subsequence is 3, 10, 20Input:arr[] = [30, 20, 10]Output:1Explanation:The longest increasing subsequences are [30], [20] and [10]Input:arr[] = [2, 2, 2]Output:1Explanation:We consider only strictly increasing.Input:arr[] = [10, 20, 35, 80]Output:4Explanation:The whole array is sorted  Input:arr[] = [3, 10, 2, 1, 20]Output:3Explanation:The longest increasing subsequence is 3, 10, 20Input:arr[] = [30, 20, 10]Output:1Explanation:The longest increasing subsequences are [30], [20] and [10]  Input:arr[] = [2, 2, 2]Output:1Explanation:We consider only strictly increasing.  Input:arr[] = [10, 20, 35, 80]Output:4Explanation:The whole array is sorted  Table of Content  [Naive Approach] Using Recursion - Exponential T",False
77,Longest Common Subsequence (LCS),Dynamic Programming & Greedy,Unknown,GeeksforGeeks,"23 Jul, 2025","Given two strings,s1ands2, the task is to find the length of the Longest Common Subsequence. If there is nocommon subsequence, return0. Asubsequenceis a string generated from the original string by deleting 0 or more characters, without changing the relative order of the remaining characters.","Input:s1 = ""ABC"", s2 = ""ACD""Output:2Explanation:The longest subsequence which is present in both strings is ""AC"".Input:s1 = ""AGGTAB"", s2 = ""GXTXAYB""Output:4Explanation:The longest common subsequence is ""GTAB"".Input:s1 = ""ABC"", s2 = ""CBA""Output:1Explanation:There are three longest common subsequences of length 1, ""A"", ""B"" and ""C"".",36,"// A Naive recursive implementation of LCS problem#include<bits/stdc++.h>usingnamespacestd;// Returns length of LCS for s1[0..m-1], s2[0..n-1]intlcsRec(string&s1,string&s2,intm,intn){// Base case: If ","Given two strings,s1ands2, the task is to find the length of the Longest Common Subsequence. If there is nocommon subsequence, return0. Asubsequenceis a string generated from the original string by deleting 0 or more characters, without changing the relative order of the remaining characters.  For example, subsequences of ""ABC"" are """", ""A"", ""B"", ""C"", ""AB"", ""AC"", ""BC"" and ""ABC"".  In general, a string of lengthnhas2nsubsequences.  Input:s1 = ""ABC"", s2 = ""ACD""Output:2Explanation:The longest subsequence which is present in both strings is ""AC"".Input:s1 = ""AGGTAB"", s2 = ""GXTXAYB""Output:4Explanation:The longest common subsequence is ""GTAB"".Input:s1 = ""ABC"", s2 = ""CBA""Output:1Explanation:There are three longest common subsequences of length 1, ""A"", ""B"" and ""C"".  Input:s1 = ""ABC"", s2 = ""ACD""Output:2Explanation:The longest subsequence which is present in both strings is ""AC"".  Input:s1 = ""AGGTAB"", s2 = ""GXTXAYB""Output:4Explanation:The longest common subsequence is ""GTAB"".  Input:s1 = ""ABC"", s2 ",False
78,Word Break,Dynamic Programming & Greedy,Unknown,GeeksforGeeks,"23 Jul, 2025","Given a stringsand y a dictionary ofnwordsdictionary, check ifscan be segmented into a sequence of valid words from the dictionary, separated by spaces.","Input:s= ""ilike"", dictionary[] = [""i"", ""like"", ""gfg""]Output:trueExplanation:The string can be segmented as ""i like"".Input:  s= ""ilikegfg"", dictionary[] = [""i"", ""like"", ""man"", ""india"", ""gfg""]Output: trueExplanation:The string can be segmented as ""i like gfg"".Input:""ilikemangoes"", dictionary = [""i"", ""like"", ""gfg""]Output:falseExplanation:The string cannot be segmented.",28,"// C++ program to implement word break.#include<bits/stdc++.h>usingnamespacestd;// Function to check if the given string can be broken// down into words from the word listboolwordBreakRec(inti,string&","Given a stringsand y a dictionary ofnwordsdictionary, check ifscan be segmented into a sequence of valid words from the dictionary, separated by spaces.  Input:s= ""ilike"", dictionary[] = [""i"", ""like"", ""gfg""]Output:trueExplanation:The string can be segmented as ""i like"".Input:  s= ""ilikegfg"", dictionary[] = [""i"", ""like"", ""man"", ""india"", ""gfg""]Output: trueExplanation:The string can be segmented as ""i like gfg"".Input:""ilikemangoes"", dictionary = [""i"", ""like"", ""gfg""]Output:falseExplanation:The string cannot be segmented.  Input:s= ""ilike"", dictionary[] = [""i"", ""like"", ""gfg""]Output:trueExplanation:The string can be segmented as ""i like"".  Input:  s= ""ilikegfg"", dictionary[] = [""i"", ""like"", ""man"", ""india"", ""gfg""]Output: trueExplanation:The string can be segmented as ""i like gfg"".  Input:""ilikemangoes"", dictionary = [""i"", ""like"", ""gfg""]Output:falseExplanation:The string cannot be segmented.  Table of Content  [Naive Approach] Using Recursion - O(2^n) Time and O(n) Space  [Expected Approach - ",False
79,Dice Throw,Dynamic Programming & Greedy,Unknown,GeeksforGeeks,"23 Jul, 2025","Given n dices each with m faces, numbered from1 to m, the task is to find thenumber of waysto get sumx. x is thesummationof values oneach facewhen all the dice are thrown.","Input:m =6, n =3, x = 12Output:25Explanation:There are 25 total ways to get the Sum 12 using 3 dices with faces from 1 to 6.Input:m =2, n =3, x = 6Output:1Explanation:There is only 1 way to get the Sum 6 using 3 dices with faces from 1 to 2. All the dices will have to land on 2.",40,"// C++ program to implement// dice throw problem using recursion#include<bits/stdc++.h>usingnamespacestd;intnoOfWays(intm,intn,intx){// Base case: Valid combinationif(n==0&&x==0)return1;// Base case: ","Given n dices each with m faces, numbered from1 to m, the task is to find thenumber of waysto get sumx. x is thesummationof values oneach facewhen all the dice are thrown.  Input:m =6, n =3, x = 12Output:25Explanation:There are 25 total ways to get the Sum 12 using 3 dices with faces from 1 to 6.Input:m =2, n =3, x = 6Output:1Explanation:There is only 1 way to get the Sum 6 using 3 dices with faces from 1 to 2. All the dices will have to land on 2.  Input:m =6, n =3, x = 12Output:25Explanation:There are 25 total ways to get the Sum 12 using 3 dices with faces from 1 to 6.  Input:m =2, n =3, x = 6Output:1Explanation:There is only 1 way to get the Sum 6 using 3 dices with faces from 1 to 2. All the dices will have to land on 2.  Table of Content  Using Recursion - O(m^n) Time and O(m) Space  Using Top-Down DP (Memoization) - O(n*x*m) Time and O(n*x) Space  Using Bottom-Up DP (Tabulation) - O(n*x*m) Time and O(n*x) Space  Using Space Optimized DP - O(n*x*m) Time and O(x) Space  Using Recu",False
80,Egg Dropping Puzzle | DP-11,Dynamic Programming & Greedy,Unknown,GeeksforGeeks,"03 Nov, 2025",You are givennidentical eggs and you have access to ak-floored building from1tok.,"Input:n = 2, k = 36Output:8Explanation:In all the situations, 8 maximum moves are required to find the maximum floor. Following is the strategy to do so:Drop fromfloor 8→ If breaks, check 1-7 sequentially.Drop fromfloor 15→ If breaks, check 9-14.Drop fromfloor 21→ If breaks, check 16-20.Drop fromfloor 26→ If breaks, check 22-25.Drop fromfloor 30→ If breaks, check 27-29.Drop fromfloor 33→ If breaks, check 31-32.Drop fromfloor 35→ If breaks, check 34.Drop fromfloor 36→ Final check.Input:n = 1, k =",40,"#include<bits/stdc++.h>usingnamespacestd;// Function to find minimum number of attempts// needed in order to find the critical floorinteggDrop(intn,intk){// if there is less than or equal to one floor","You are givennidentical eggs and you have access to ak-floored building from1tok.  There exists a floorfwhere0<=f<=ksuch that any egg dropped from a floor higher thanfwill break, and any egg droppedfrom or belowfloor fwillnot break. There are a few rules given below:  An egg that survives a fall can be used again.  A broken egg must be discarded.  The effect of a fall is the same for all eggs.  If the egg doesn't break at a certain floor, it will not break at any floor below.  If the egg breaks on a certain floor, it will break on any floor above.  Your task is to find the minimum number of moves you need to determine the value offwith certainty.  Input:n = 2, k = 36Output:8Explanation:In all the situations, 8 maximum moves are required to find the maximum floor. Following is the strategy to do so:Drop fromfloor 8→ If breaks, check 1-7 sequentially.Drop fromfloor 15→ If breaks, check 9-14.Drop fromfloor 21→ If breaks, check 16-20.Drop fromfloor 26→ If breaks, check 22-25.Drop fromfloor",False
81,Matrix Chain Multiplication,Dynamic Programming & Greedy,Unknown,GeeksforGeeks,"23 Jul, 2025","Given the dimension of a sequence of matrices in an arrayarr[], where the dimension of theithmatrix is(arr[i-1] * arr[i]), the task is to find the most efficient way tomultiply these matricestogether such that the total number of element multiplications isminimum. When two matrices of sizem*nandn*pwhen multiplied, they generate a matrix of sizem*pand the number of multiplications performed ism*n*p.","Input:arr[] = [2, 1, 3, 4]Output:20Explanation:There are 3 matrices of dimensions 2x1, 1x3, and 3x4,Let the input 3 matrices be M1, M2, and M3. There are two ways to multiply ((M1x M2) x M3) and (M1x (M2x M3)),Please note that the result of M1x M2is a 2 x 3 matrix and result of (M2x M3) is a 1 x 4 matrix.((M1x M2) x M3)  requires (2 x 1 x 3)  +  (2 x 3 x 4) = 30(M1x (M2x M3))  requires (1 x 3 x 4) +  (2 x 1 x 4) = 20The minimum of these two is 20.Input:arr[] = [1, 2, 3, 4, 3]Output:30Explanation",30,"// C++ code to implement the// matrix chain multiplication using recursion#include<bits/stdc++.h>usingnamespacestd;// Matrix Ai has dimension arr[i-1] x arr[i]intminMultRec(vector<int>&arr,inti,intj){","Given the dimension of a sequence of matrices in an arrayarr[], where the dimension of theithmatrix is(arr[i-1] * arr[i]), the task is to find the most efficient way tomultiply these matricestogether such that the total number of element multiplications isminimum. When two matrices of sizem*nandn*pwhen multiplied, they generate a matrix of sizem*pand the number of multiplications performed ism*n*p.  Input:arr[] = [2, 1, 3, 4]Output:20Explanation:There are 3 matrices of dimensions 2x1, 1x3, and 3x4,Let the input 3 matrices be M1, M2, and M3. There are two ways to multiply ((M1x M2) x M3) and (M1x (M2x M3)),Please note that the result of M1x M2is a 2 x 3 matrix and result of (M2x M3) is a 1 x 4 matrix.((M1x M2) x M3)  requires (2 x 1 x 3)  +  (2 x 3 x 4) = 30(M1x (M2x M3))  requires (1 x 3 x 4) +  (2 x 1 x 4) = 20The minimum of these two is 20.Input:arr[] = [1, 2, 3, 4, 3]Output:30Explanation:There are 4 matrices of dimensions 1×2, 2×3, 3×4, 4×3. Let the input 4 matrices be M1, M2, M3and",False
82,Target Sum Combinations,Dynamic Programming & Greedy,Unknown,GeeksforGeeks,"03 Oct, 2025","Given an arrayarr[]of distinct integers and an integertarget, find all unique combinations of array where the sum of chosen element is equal to target. The same element may be chosen any number of times to make target.","Input:arr[]= [1, 2, 3], target = 5Output:[[1, 1, 1, 1, 1], [1, 1, 1, 2], [1, 1, 3], [1, 2, 2], [2, 3]]Explanation:All the combination have sum of elements equals to target.Input:arr[] = [2, 4], target = 1Output:[]Explanation:No combination exits whose sum is equals to target",11,"#include<iostream>#include<vector>#include<algorithm>usingnamespacestd;// Function to generate all combinations// of arr that sums to targetvoidmakeCombination(vector<int>&arr,intremSum,vector<int>&cu","Given an arrayarr[]of distinct integers and an integertarget, find all unique combinations of array where the sum of chosen element is equal to target. The same element may be chosen any number of times to make target.  Input:arr[]= [1, 2, 3], target = 5Output:[[1, 1, 1, 1, 1], [1, 1, 1, 2], [1, 1, 3], [1, 2, 2], [2, 3]]Explanation:All the combination have sum of elements equals to target.Input:arr[] = [2, 4], target = 1Output:[]Explanation:No combination exits whose sum is equals to target  Input:arr[]= [1, 2, 3], target = 5Output:[[1, 1, 1, 1, 1], [1, 1, 1, 2], [1, 1, 3], [1, 2, 2], [2, 3]]Explanation:All the combination have sum of elements equals to target.  Input:arr[] = [2, 4], target = 1Output:[]Explanation:No combination exits whose sum is equals to target  [Approach] Using Recursion and Backtracking  The idea is to explore all possible combinations of numbers that add up to the target. For each element, we reduce the target by its value and continue the process recursively. If",False
83,Subset Sum Problem,Dynamic Programming & Greedy,Unknown,GeeksforGeeks,"23 Jul, 2025","Given an arrayarr[]of non-negative integers and a valuesum, the task is to check if there is asubsetof the given array whose sum is equal to the givensum.","Input:arr[] = [3, 34, 4, 12, 5, 2], sum = 9Output:TrueExplanation:There is a subset (4, 5) with sum 9.Input:arr[] = [3, 34, 4, 12, 5, 2], sum = 30Output:FalseExplanation:There is no subset that add up to 30.",42,//C++ implementation for subset sum// problem using recursion#include<bits/stdc++.h>usingnamespacestd;// Function to check if there is a subset// with the given sum using recursionboolisSubsetSumRec(v,"Given an arrayarr[]of non-negative integers and a valuesum, the task is to check if there is asubsetof the given array whose sum is equal to the givensum.  Input:arr[] = [3, 34, 4, 12, 5, 2], sum = 9Output:TrueExplanation:There is a subset (4, 5) with sum 9.Input:arr[] = [3, 34, 4, 12, 5, 2], sum = 30Output:FalseExplanation:There is no subset that add up to 30.  Input:arr[] = [3, 34, 4, 12, 5, 2], sum = 9Output:TrueExplanation:There is a subset (4, 5) with sum 9.  Input:arr[] = [3, 34, 4, 12, 5, 2], sum = 30Output:FalseExplanation:There is no subset that add up to 30.  Table of Content  [Naive Approach] Using Recursion – O(2^n) Time and O(n) Space  [Better Approach 1] Using Top-Down DP (Memoization) - O(sum*n) Time and O(sum*n) Space  [Better Approach 2] Using Bottom-Up DP (Tabulation) - O(sum*n) Time and O(sum*n) Space  [Expected Approach] Using Space Optimized DP – O(sum*n) Time and O(sum) Space  [Naive Approach] Using Recursion – O(2^n) Time and O(n) Space  For the recursive approac",False
84,House Robber - Maximum possible stolen value,Dynamic Programming & Greedy,Unknown,GeeksforGeeks,"01 Oct, 2024","There arenhouses built in a line, each of which contains some money in it. A robber wants to steal money from these houses, but he can’t steal fromtwo adjacenthouses. The task is to find themaximumamount of money which can be stolen.","Input: hval[] = {6, 7, 1, 3, 8, 2, 4}Output: 19Explanation: The thief will steal from house 1, 3, 5 and 7, total money = 6 + 1 + 8 + 4 = 19.Input: hval[] = {5, 3, 4, 11, 2}Output: 16Explanation:Thief will steal from house 1 and 4, total money = 5 + 11 = 16.",48,"// C++ Program to solve House Robber Problem using Recursion#include<iostream>#include<vector>usingnamespacestd;// Calculate the maximum stolen value recursivelyintmaxLootRec(vector<int>&hval,intn){//","There arenhouses built in a line, each of which contains some money in it. A robber wants to steal money from these houses, but he can’t steal fromtwo adjacenthouses. The task is to find themaximumamount of money which can be stolen.  Input: hval[] = {6, 7, 1, 3, 8, 2, 4}Output: 19Explanation: The thief will steal from house 1, 3, 5 and 7, total money = 6 + 1 + 8 + 4 = 19.Input: hval[] = {5, 3, 4, 11, 2}Output: 16Explanation:Thief will steal from house 1 and 4, total money = 5 + 11 = 16.  Input: hval[] = {6, 7, 1, 3, 8, 2, 4}Output: 19Explanation: The thief will steal from house 1, 3, 5 and 7, total money = 6 + 1 + 8 + 4 = 19.Input: hval[] = {5, 3, 4, 11, 2}Output: 16Explanation:Thief will steal from house 1 and 4, total money = 5 + 11 = 16.  Given an array, the solution is to find themaximum sum subsequence where no two selected elements are adjacent.  Table of Content  [Naive Approach] Using Recursion- O(2 ^ n) Time and O(n) Space  [Better Approach] Using Memoization - O(n) Time and ",False
85,Count Possible Decodings of a given Digit Sequence,Dynamic Programming & Greedy,Unknown,GeeksforGeeks,"22 Mar, 2025","Let1 maps to 'A', 2 maps to 'B', ..., 26 to 'Z'.Given adigit sequence,countthe number of possibledecodingsof the given digit sequence.","Input:digits = ""121""Output:3Explanation:The possible decodings are ""ABA"", ""AU"", ""LA""Input:digits = ""1234""Output:3Explanation:The possible decodings are ""ABCD"", ""LCD"", ""AWD""",40,// C++ program to count decoding ways of a digit string// using recursion.#include<bits/stdc++.h>usingnamespacestd;// Helper function to recursively calculate decoding ways.intdecodeHelper(string&digi,"Let1 maps to 'A', 2 maps to 'B', ..., 26 to 'Z'.Given adigit sequence,countthe number of possibledecodingsof the given digit sequence.  Consider the input string""123"". There are three valid ways to decode it:  ""ABC"": The grouping is (1, 2, 3) →'A', 'B', 'C'  ""AW"": The grouping is (1, 23) →'A', 'W'  ""LC"": The grouping is (12, 3) →'L', 'C'  Note:Groupings that containinvalid codes(e.g., ""0"" by itself or numbers greater than ""26"") are not allowed.For instance, the string""230""isinvalidbecause""0""cannot stand alone, and""30"" is greater than ""26"",so it cannot represent any letter. The task is to find thetotal number of valid waysto decode a given string.  Input:digits = ""121""Output:3Explanation:The possible decodings are ""ABA"", ""AU"", ""LA""Input:digits = ""1234""Output:3Explanation:The possible decodings are ""ABCD"", ""LCD"", ""AWD""  Input:digits = ""121""Output:3Explanation:The possible decodings are ""ABA"", ""AU"", ""LA""  Input:digits = ""1234""Output:3Explanation:The possible decodings are ""ABCD"", ""LCD"", """,False
86,Unique paths in a Grid with Obstacles,Dynamic Programming & Greedy,Unknown,GeeksforGeeks,"23 May, 2025","Given a matrixmat[][]of sizen * m, where mat[i][j] = 1 indicates an obstacle and mat[i][j] = 0 indicates an empty space. The task is to find the number of unique paths to reach (n-1, m-1) starting from (0, 0). You are allowed to move in the right or downward direction.","Input: grid[][] =[[0, 0, 0],[0, 1, 0],[0, 0, 0]]Output:2Explanation:There aretwo waysto reach the bottom-right corner:Right -> Right -> Down -> DownDown -> Down -> Right -> RightInput: grid[][] =[[0, 1],[0, 0]]Output:1Explanation:There is onlyone wayto reach the bottom-right corner:Down -> Right",40,"// C++ code to find number of unique paths// using Recursion#include<bits/stdc++.h>usingnamespacestd;// Helper function to find unique paths recursivelyintuniquePathsRecur(inti,intj,vector<vector<int>","Given a matrixmat[][]of sizen * m, where mat[i][j] = 1 indicates an obstacle and mat[i][j] = 0 indicates an empty space. The task is to find the number of unique paths to reach (n-1, m-1) starting from (0, 0). You are allowed to move in the right or downward direction.  Note:In the grid, cells marked with1represent obstacles, and0represent free space. Movement is restricted to onlyright (i, j+1)ordown (i+1, j)from the current cell (i, j).  Input: grid[][] =[[0, 0, 0],[0, 1, 0],[0, 0, 0]]Output:2Explanation:There aretwo waysto reach the bottom-right corner:Right -> Right -> Down -> DownDown -> Down -> Right -> RightInput: grid[][] =[[0, 1],[0, 0]]Output:1Explanation:There is onlyone wayto reach the bottom-right corner:Down -> Right  Input: grid[][] =[[0, 0, 0],[0, 1, 0],[0, 0, 0]]Output:2Explanation:There aretwo waysto reach the bottom-right corner:  Right -> Right -> Down -> Down  Down -> Down -> Right -> Right  Input: grid[][] =[[0, 1],[0, 0]]  Output:1Explanation:There is onlyone way",False
87,Unknown,Dynamic Programming & Greedy,Unknown,GeeksforGeeks,,Error: Article not found,,0,,,False
88,Rod Cutting,Dynamic Programming & Greedy,Unknown,GeeksforGeeks,"23 Jul, 2025",Given a rod of lengthn inchesand an arrayprice[].price[i] denotes the value of apieceof length i. The task is to determine themaximumvalue obtainable bycutting up the rodand selling the pieces.,"Input:price[] =  [1, 5, 8, 9, 10, 17, 17, 20]Output:22Explanation:  The maximum obtainable value is 22 by cutting in two pieces of lengths 2 and 6, i.e., 5 + 17 = 22.Input :price[] =  [3, 5, 8, 9, 10, 17, 17, 20]Output: 24Explanation :The maximum obtainable value is 24 by cutting the rod into 8 pieces of length 1, i.e, 8*price[1]= 8*3 = 24.Input :price[] =  [3]Output: 3Explanation:There is only 1 way to pick a piece of length 1.",40,"// C++ program to find maximum// profit from rod of size n#include<bits/stdc++.h>usingnamespacestd;intcutRodRecur(inti,vector<int>&price){// Base caseif(i==0)return0;intans=0;// Find maximum value for","Given a rod of lengthn inchesand an arrayprice[].price[i] denotes the value of apieceof length i. The task is to determine themaximumvalue obtainable bycutting up the rodand selling the pieces.  Note:price[] is1-indexedarray.  Input:price[] =  [1, 5, 8, 9, 10, 17, 17, 20]Output:22Explanation:  The maximum obtainable value is 22 by cutting in two pieces of lengths 2 and 6, i.e., 5 + 17 = 22.Input :price[] =  [3, 5, 8, 9, 10, 17, 17, 20]Output: 24Explanation :The maximum obtainable value is 24 by cutting the rod into 8 pieces of length 1, i.e, 8*price[1]= 8*3 = 24.Input :price[] =  [3]Output: 3Explanation:There is only 1 way to pick a piece of length 1.  Input:price[] =  [1, 5, 8, 9, 10, 17, 17, 20]Output:22Explanation:  The maximum obtainable value is 22 by cutting in two pieces of lengths 2 and 6, i.e., 5 + 17 = 22.  Input :price[] =  [3, 5, 8, 9, 10, 17, 17, 20]Output: 24Explanation :The maximum obtainable value is 24 by cutting the rod into 8 pieces of length 1, i.e, 8*price[1]= 8*3 ",False
89,Maximum Product Cutting | DP-36,Dynamic Programming & Greedy,Unknown,GeeksforGeeks,"23 Jul, 2025","Given a rope of length n meters, cut the rope in different parts of integer lengths in a way that maximizes product of lengths of all parts. You must make at least one cut. Assume that the length of rope is more than 2 meters.",,50,Input: n = 2Output: 1 (Maximum obtainable product is 1*1)Input: n = 3Output: 2 (Maximum obtainable product is 1*2)Input: n = 4Output: 4 (Maximum obtainable product is 2*2)Input: n = 5Output: 6 (Maximu,"Given a rope of length n meters, cut the rope in different parts of integer lengths in a way that maximizes product of lengths of all parts. You must make at least one cut. Assume that the length of rope is more than 2 meters.  1) Optimal Substructure:  This problem is similar toRod Cutting Problem.We can get the maximum product by making a cut at different positions and comparing the values obtained after a cut. We can recursively call the same function for a piece obtained after a cut.Let maxProd(n) be the maximum product for a rope of length n. maxProd(n) can be written as following.maxProd(n) = max(i*(n-i), maxProdRec(n-i)*i) for all i in {1, 2, 3 .. n}  2) Overlapping Subproblems:  Following is simple recursive implementation of the problem. The implementation simply follows the recursive structure mentioned above.  Time complexity: O(n^2)  The time complexity of the maxProd function is O(n^2), because it contains a loop that iterates n-1 times, and inside the loop it calls itself",False
90,Count number of ways to cover a distance,Dynamic Programming & Greedy,Unknown,GeeksforGeeks,"23 Jul, 2025","Given a distance 'dist', count total number of ways to cover the distance with 1, 2 and 3 steps.",Input:n = 3Output:4Explanation:Below are the four ways=> 1 step + 1 step + 1 step=> 1 step + 2 step=> 2 step + 1 step=> 3 stepInput:n = 4Output:7Explanation:Below are the four ways=> 1 step + 1 step + 1 step + 1 step=> 1 step + 2 step + 1 step=>  2 step + 1 step + 1 step=>  1 step + 1 step + 2 step=>  2 step + 2 step=>  3 step + 1 step=>  1 step + 3 step,40,"// A naive recursive C++ program to count number of ways to// cover a distance with 1, 2 and 3 steps#include<iostream>usingnamespacestd;// Returns count of ways to cover 'dist'intprintCountRec(intdist","Given a distance 'dist', count total number of ways to cover the distance with 1, 2 and 3 steps.  Input:n = 3Output:4Explanation:Below are the four ways=> 1 step + 1 step + 1 step=> 1 step + 2 step=> 2 step + 1 step=> 3 stepInput:n = 4Output:7Explanation:Below are the four ways=> 1 step + 1 step + 1 step + 1 step=> 1 step + 2 step + 1 step=>  2 step + 1 step + 1 step=>  1 step + 1 step + 2 step=>  2 step + 2 step=>  3 step + 1 step=>  1 step + 3 step  Input:n = 3Output:4Explanation:Below are the four ways=> 1 step + 1 step + 1 step=> 1 step + 2 step=> 2 step + 1 step=> 3 step  Input:n = 4Output:7Explanation:Below are the four ways=> 1 step + 1 step + 1 step + 1 step=> 1 step + 2 step + 1 step=>  2 step + 1 step + 1 step=>  1 step + 1 step + 2 step=>  2 step + 2 step=>  3 step + 1 step=>  1 step + 3 step  Count number of ways to cover a distance usingRecursion:  There are n stairs, and a person is allowed to next step, skip one position or skip two positions. So there are n positions. T",False
91,Connect n ropes with minimum cost,Dynamic Programming & Greedy,Unknown,GeeksforGeeks,"18 Oct, 2025","Given an arrayarr[]of rope lengths, connect all ropes into a single rope with theminimumtotal cost. The cost to connect two ropes is thesumof their lengths.","Input:arr[] = [4, 3, 2, 6]Output:29Explanation:Minimum cost to connect all ropes into a single rope isConnect ropes 2 and 3 - [4, 5, 6], cost = 5Connect ropes 4 and 5 - [9, 6], cost = 9Connect ropes 9 and 6 - [15], cost = 15Total cost = 5 + 9 + 15 = 29Input:arr[] = [10]Output:0",20,#include<iostream>#include<vector>#include<algorithm>usingnamespacestd;intminCost(vector<int>&arr){inttotalCost=0;// Continue until only one rope remainswhile(arr.size()>1){// Sort ropes to get the tw,"Given an arrayarr[]of rope lengths, connect all ropes into a single rope with theminimumtotal cost. The cost to connect two ropes is thesumof their lengths.  Input:arr[] = [4, 3, 2, 6]Output:29Explanation:Minimum cost to connect all ropes into a single rope isConnect ropes 2 and 3 - [4, 5, 6], cost = 5Connect ropes 4 and 5 - [9, 6], cost = 9Connect ropes 9 and 6 - [15], cost = 15Total cost = 5 + 9 + 15 = 29Input:arr[] = [10]Output:0  Input:arr[] = [4, 3, 2, 6]Output:29Explanation:Minimum cost to connect all ropes into a single rope isConnect ropes 2 and 3 - [4, 5, 6], cost = 5Connect ropes 4 and 5 - [9, 6], cost = 9Connect ropes 9 and 6 - [15], cost = 15Total cost = 5 + 9 + 15 = 29  Input:arr[] = [10]Output:0  Table of Content  [Naive Approach] Greedy with Repeated Sorting - O(n^2*log(n)) Time and O(n) Space  [Expected Approach] Greedy with Heap - O(n*log(n)) Time and O(n) Space  [Naive Approach] Greedy with Repeated Sorting - O(n2*log(n)) Time and O(n) Space  The idea is to always con",False
92,Largest Number by One Swap,Dynamic Programming & Greedy,Unknown,GeeksforGeeks,"23 Aug, 2025","Given a numeric strings, find the lexicographically largest string by swapping at most one pair of characters.","Input:s = ""768""Output:867Explanation:Swapping the 1st and 3rd characters (7 and 8 respectively), gives the lexicographically largest string.Input:s = ""333""Output:333Explanation:Performing any swaps gives the same result i.e 333.",20,"#include<iostream>#include<string>usingnamespacestd;stringlargestSwap(string&s){stringans=s;// try swapping every pairfor(inti=0;i<s.size();i++){for(intj=i+1;j<s.size();j++){swap(s[i],s[j]);ans=max(an","Given a numeric strings, find the lexicographically largest string by swapping at most one pair of characters.  Note:Leading zeros are not allowed.  Input:s = ""768""Output:867Explanation:Swapping the 1st and 3rd characters (7 and 8 respectively), gives the lexicographically largest string.Input:s = ""333""Output:333Explanation:Performing any swaps gives the same result i.e 333.  Input:s = ""768""Output:867Explanation:Swapping the 1st and 3rd characters (7 and 8 respectively), gives the lexicographically largest string.  Input:s = ""333""Output:333Explanation:Performing any swaps gives the same result i.e 333.  Table of Content  [Naive Approach] Tries all possible swaps - O(n^3) Time and O(1) Space  [Expected Approach] Greedy Rightmost Maximum Swap - O(n) Time and O(1) Space  [Naive Approach] Tries all possible swaps - O(n^3) Time and O(1) Space  The idea is to try all possible single swaps of two digits and keeps track of the maximum number found.  The idea is to try all possible single swaps",False
93,Count set bits in an integer,Bit Manipulations,Unknown,GeeksforGeeks,"01 Oct, 2025",Given a positive number n count the set bit .Examples :,Input :n = 6Output :2Binary representation of 6 is 110 and has 2 set bitsInput :n = 13Output :3Binary representation of 13 is 1101 and has 3 set bits,88,#include<bits/stdc++.h>usingnamespacestd;/* Function to get no of set bits in binaryrepresentation of positive integer n */unsignedintcountSetBits(unsignedintn){unsignedintcount=0;while(n){count+=n&1;,"Given a positive number n count the set bit .Examples :  Input :n = 6Output :2Binary representation of 6 is 110 and has 2 set bitsInput :n = 13Output :3Binary representation of 13 is 1101 and has 3 set bits  Input :n = 6Output :2Binary representation of 6 is 110 and has 2 set bits  Input :n = 13Output :3Binary representation of 13 is 1101 and has 3 set bits  Table of Content  [Naive Approach] - One by One Counting  [Expected Approach 1] - Brian Kernighan's Algorithm  [Expected Approach 2] - Using Lookup table  [Expected Approach 3] - Mapping Nibbles  Using power of 2 (efficient method to find for large value also)  Using Library or Quick Syntax  [Naive Approach] - One by One Counting  This approach counts the set bits by checking each bit from right to left. It uses n & 1 to check if the least significant bit is 1, increments the count if so, then right-shifts the number to check the next bit. This repeats until n becomes 0, returning the total number of set bits.  Time Complexity:O(lo",False
94,Find the Missing Number,Bit Manipulations,Unknown,GeeksforGeeks,"19 Apr, 2025","Given an arrayarr[]of sizen-1withdistinctintegers in the range of[1, n].This array represents a permutation of the integers from 1 to n with one element missing. Find the missing element in the array.","Input:arr[] = [8, 2, 4, 5, 3, 7, 1]Output:6Explanation:All the numbers from 1 to 8 are present except 6.Input:arr[] = [1, 2, 3, 5]Output:4Explanation:Here the size of the array is 4, so the range will be [1, 5]. The missing number between 1 to 5 is 4",40,#include<iostream>#include<vector>usingnamespacestd;intmissingNum(vector<int>&arr){intn=arr.size()+1;// Iterate from 1 to n and check// if the current number is presentfor(inti=1;i<=n;i++){boolfound=f,"Given an arrayarr[]of sizen-1withdistinctintegers in the range of[1, n].This array represents a permutation of the integers from 1 to n with one element missing. Find the missing element in the array.  Input:arr[] = [8, 2, 4, 5, 3, 7, 1]Output:6Explanation:All the numbers from 1 to 8 are present except 6.Input:arr[] = [1, 2, 3, 5]Output:4Explanation:Here the size of the array is 4, so the range will be [1, 5]. The missing number between 1 to 5 is 4  Input:arr[] = [8, 2, 4, 5, 3, 7, 1]Output:6Explanation:All the numbers from 1 to 8 are present except 6.  Input:arr[] = [1, 2, 3, 5]Output:4Explanation:Here the size of the array is 4, so the range will be [1, 5]. The missing number between 1 to 5 is 4  Table of Content  [Naive Approach] Linear Search for Missing Number - O(n^2) Time and O(1) Space  [Better Approach] Using Hashing - O(n) Time and O(n) Space  [Expected Approach 1] Using Sum of n terms Formula - O(n) Time and O(1) Space  [Expected Approach 2] Using XOR Operation - O(n) Time a",False
95,Bits manipulation (Important tactics),Bit Manipulations,Unknown,GeeksforGeeks,"07 May, 2024","Prerequisites:Bitwise operators in C,Bitwise Hacks for Competitive Programming,Bit Tricks for Competitive Programming","Say x = n%4. The XOR value depends on the value if x. Ifx = 0, then the answer is n.x = 1, then answer is 1.x = 2, then answer is n+1.x = 3, then answer is 0.",71,// Direct XOR of all numbers from 1 to nintcomputeXOR(intn){if(n%4==0)returnn;if(n%4==1)return1;if(n%4==2)returnn+1;elsereturn0;},"Prerequisites:Bitwise operators in C,Bitwise Hacks for Competitive Programming,Bit Tricks for Competitive Programming  Table of Contents  Compute XOR from 1 to n (direct method)  Count of numbers (x) smaller than or equal to n such that n+x = n^x  How to know if a number is a power of 2?  Find XOR of all subsets of a set  Find the number of leading, trailing zeroes and number of 1’s  Convert binary code directly into an integer in C++  The Quickest way to swap two numbers  Simple approach to flip the bits of a number  Finding the most significant set bit (MSB)  Check if a number has bits in an alternate pattern  1. Compute XOR from 1 to n (direct method):  The  problem can be solved based on the following observations:  Say x = n%4. The XOR value depends on the value if x. Ifx = 0, then the answer is n.x = 1, then answer is 1.x = 2, then answer is n+1.x = 3, then answer is 0.  Say x = n%4. The XOR value depends on the value if x. If  x = 0, then the answer is n.  x = 1, then answer is ",False
